moe-2.4b-8	False	0	0	0
moe-2.4b-8	False	0	0	0
moe-2.4b-8	False	0	0	0
moe-2.4b-8	False	0	0	0
moe-2.4b-8	False	0	0	0
moe-2.4b-8	False	0	0	0
moe-2.4b-8	False	0	0	0
moe-2.4b-8	False	0	0	0
moe-2.4b-8	False	0	0	0
moe-2.4b-8	False	0	0	0
moe-2.4b-8	False	0	0	0
moe-2.4b-8	False	0	0	0
moe-2.4b-8	True	10	8	0
moe-2.4b-8	False	0	2	0
moe-2.4b-8	True	2	0	0
moe-2.4b-8	False	3	5	0
moe-2.4b-8	True	5	0	0
moe-2.4b-8	False	0	5	0
moe-2.4b-8	True	6	5	0
moe-2.4b-8	False	0	1	0
moe-2.4b-8	False	2	2	0
moe-2.4b-8	False	0	0	0
moe-2.4b-8	False	0	0	0
moe-2.4b-8	True	4	0	0
moe-2.4b-8	False	0	4	0
moe-2.4b-8	False	0	0	0
moe-2.4b-8	False	0	0	0
moe-2.4b-8	False	0	0	0
moe-2.4b-8	False	3	3	0
moe-2.4b-8	False	0	0	0
moe-2.4b-8	False	0	0	0
moe-2.4b-8	False	0	0	0
moe-2.4b-8	True	1	0	0
moe-2.4b-8	False	4	5	0
moe-2.4b-8	False	0	0	0
moe-2.4b-8	False	2	2	0
moe-2.4b-8	False	3	3	0
moe-2.4b-8	False	0	0	0
moe-2.4b-8	True	4	2	0
moe-2.4b-8	False	3	5	0
moe-2.4b-8	False	0	0	0
moe-2.4b-8	False	0	0	0
moe-2.4b-8	False	0	0	0
moe-2.4b-8	True	11	6	0
moe-2.4b-8	False	0	5	0
moe-2.4b-8	True	5	4	0
moe-2.4b-8	True	1	1	0
moe-2.4b-8	False	0	1	0
moe-2.4b-8	False	0	0	0
moe-2.4b-8	False	0	0	0
moe-2.4b-8	False	0	0	0
moe-2.4b-8	False	2	2	0
moe-2.4b-8	False	1	1	0
moe-2.4b-8	True	2	0	0
moe-2.4b-8	False	3	5	0
moe-2.4b-8	False	0	0	0
moe-2.4b-8	True	8	7	0
moe-2.4b-8	False	0	1	0
moe-2.4b-8	False	0	0	0
moe-2.4b-8	False	0	0	0
moe-2.4b-8	True	20	4	13
moe-2.4b-8	True	1	3	0
moe-2.4b-8	False	0	1	0
moe-2.4b-8	False	0	0	0
moe-2.4b-8	False	0	0	0
moe-2.4b-8	False	0	0	0
moe-2.4b-8	False	0	0	0
moe-2.4b-8	False	0	0	0
moe-2.4b-8	False	0	0	0
moe-2.4b-8	False	0	0	0
moe-2.4b-8	True	1	0	0
moe-2.4b-8	False	0	1	0
moe-2.4b-8	False	0	0	0
moe-2.4b-8	True	4	0	0
moe-2.4b-8	False	0	4	0
moe-2.4b-8	False	0	0	0
moe-2.4b-8	False	0	0	0
moe-2.4b-8	False	0	0	0
moe-2.4b-8	False	0	0	0
moe-2.4b-8	False	0	0	0
moe-2.4b-8	False	0	0	0
moe-2.4b-8	False	0	0	0
moe-2.4b-8	False	0	0	0
moe-2.4b-8	False	0	0	0
moe-2.4b-8	False	0	0	0
moe-2.4b-8	False	0	0	0
moe-2.4b-8	False	2	2	0
moe-2.4b-8	False	0	0	0
moe-2.4b-8	False	0	0	0
moe-2.4b-8	False	0	0	0
moe-2.4b-8	False	0	0	0
moe-2.4b-8	False	0	0	0
moe-2.4b-8	False	0	0	0
moe-2.4b-8	False	0	0	0
moe-2.4b-8	False	0	0	0
moe-2.4b-8	False	3	3	0
moe-2.4b-8	False	0	0	0
moe-2.4b-8	True	1	0	0
moe-2.4b-8	False	1	2	0
moe-2.4b-8	True	8	5	0
moe-2.4b-8	False	0	3	0
moe-2.4b-8	False	0	0	0
moe-2.4b-8	False	0	0	0
moe-2.4b-8	False	0	0	0
moe-2.4b-8	False	0	0	0
moe-2.4b-8	False	0	0	0
moe-2.4b-8	False	0	0	0
moe-2.4b-8	False	0	0	0
moe-2.4b-8	False	0	0	0
moe-2.4b-8	False	0	0	0
moe-2.4b-8	False	0	0	0
moe-2.4b-8	False	3	3	0
moe-2.4b-8	False	0	0	0
moe-2.4b-8	False	0	0	0
moe-2.4b-8	False	0	0	0
moe-2.4b-8	False	0	0	0
moe-2.4b-8	False	0	0	0
moe-2.4b-8	False	0	0	0
moe-2.4b-8	False	0	0	0
moe-2.4b-8	False	0	0	0
moe-2.4b-8	True	9	0	6
moe-2.4b-8	True	3	3	0
moe-2.4b-8	False	0	3	0
moe-2.4b-8	False	1	1	0
moe-2.4b-8	False	0	0	0
moe-2.4b-8	False	0	0	0
moe-2.4b-8	False	0	0	0
moe-2.4b-8	False	0	0	0
moe-2.4b-8	False	0	0	0
moe-2.4b-8	False	0	0	0
moe-2.4b-8	False	0	0	0
moe-2.4b-8	False	0	0	0
moe-2.4b-8	False	0	0	0
moe-2.4b-8	False	0	0	0
moe-2.4b-8	False	0	0	0
moe-2.4b-8	False	0	0	0
moe-2.4b-8	False	0	0	0
moe-2.4b-8	False	0	0	0
moe-2.4b-8	False	0	0	0
moe-2.4b-8	False	0	0	0
moe-2.4b-8	False	0	0	0
moe-2.4b-8	False	0	0	0
moe-2.4b-8	False	0	0	0
moe-2.4b-8	False	0	0	0
moe-2.4b-8	False	0	0	0
moe-2.4b-8	False	0	0	0
moe-2.4b-8	False	0	0	0
moe-2.4b-8	False	0	0	0
moe-2.4b-8	False	0	0	0
moe-2.4b-8	False	0	0	0
moe-2.4b-8	False	0	0	0
moe-2.4b-8	False	0	0	0
moe-2.4b-8	False	0	0	0
moe-2.4b-8	False	0	0	0
moe-2.4b-8	False	0	0	0
moe-2.4b-8	False	0	0	0
moe-2.4b-8	False	0	0	0
moe-2.4b-8	False	0	0	0
moe-2.4b-8	False	0	0	0
moe-2.4b-8	False	2	2	0
moe-2.4b-8	False	0	0	0
moe-2.4b-8	False	0	0	0
moe-2.4b-8	False	0	0	0
moe-2.4b-8	False	0	0	0
moe-2.4b-8	False	0	0	0
moe-2.4b-8	False	0	0	0
moe-2.4b-8	False	0	0	0
moe-2.4b-8	False	0	0	0
moe-2.4b-8	False	0	0	0
moe-2.4b-8	False	0	0	0
moe-2.4b-8	False	0	0	0
moe-2.4b-8	False	0	0	0
moe-2.4b-8	False	0	0	0
moe-2.4b-8	False	0	0	0
moe-2.4b-8	False	0	0	0
moe-2.4b-8	False	0	0	0
moe-2.4b-8	False	0	0	0
moe-2.4b-8	False	0	0	0
moe-2.4b-8	False	0	0	0
moe-2.4b-8	False	0	0	0
moe-2.4b-8	True	4	0	1
moe-2.4b-8	False	0	3	0
moe-2.4b-8	False	0	0	0
moe-2.4b-8	False	0	0	0
moe-2.4b-8	False	0	0	0
moe-2.4b-8	False	0	0	0
moe-2.4b-8	False	0	0	0
moe-2.4b-8	False	0	0	0
moe-2.4b-8	False	0	0	0
moe-2.4b-8	False	0	0	0
moe-2.4b-8	False	0	0	0
moe-2.4b-8	False	0	0	0
moe-2.4b-8	False	0	0	0
moe-2.4b-8	False	0	0	0
moe-2.4b-8	False	0	0	0
moe-2.4b-8	False	0	0	0
moe-2.4b-8	False	0	0	0
moe-2.4b-8	False	0	0	0
moe-2.4b-8	False	0	0	0
moe-2.4b-8	False	0	0	0
moe-2.4b-8	False	0	0	0
moe-2.4b-8	False	0	0	0
moe-2.4b-8	False	0	0	0
moe-2.4b-8	False	0	0	0
moe-2.4b-8	False	0	0	0
moe-2.4b-8	False	0	0	0
moe-2.4b-8	False	0	0	0
moe-2.4b-8	False	0	0	0
moe-2.4b-8	False	0	0	0
moe-2.4b-8	False	0	0	0
moe-2.4b-8	False	0	0	0
moe-2.4b-8	False	0	0	0
moe-2.4b-8	False	0	0	0
moe-2.4b-8	False	0	0	0
moe-2.4b-8	False	0	0	0
moe-2.4b-8	False	0	0	0
moe-2.4b-8	False	0	0	0
moe-2.4b-8	False	0	0	0
moe-2.4b-8	False	0	0	0
moe-2.4b-8	False	0	0	0
moe-2.4b-8	False	0	0	0
moe-2.4b-8	False	0	0	0
moe-2.4b-8	False	0	0	0
moe-2.4b-8	False	0	0	0
moe-2.4b-8	False	0	0	0
moe-2.4b-8	False	0	0	0
moe-2.4b-8	False	0	0	0
moe-2.4b-8	False	0	0	0
moe-2.4b-8	False	0	0	0
moe-2.4b-8	False	0	0	0
moe-2.4b-8	False	0	0	0
moe-2.4b-8	False	0	0	0
moe-2.4b-8	False	0	0	0
moe-2.4b-8	False	0	0	0
moe-2.4b-8	False	0	0	0
moe-2.4b-8	False	0	0	0
moe-2.4b-8	False	0	0	0
moe-2.4b-8	False	0	0	0
moe-2.4b-8	False	0	0	0
moe-2.4b-8	False	0	0	0
moe-2.4b-8	False	0	0	0
moe-2.4b-8	False	0	0	0
moe-2.4b-8	False	0	0	0
moe-2.4b-8	True	2	0	0
moe-2.4b-8	False	2	4	0
moe-2.4b-8	False	0	0	0
moe-2.4b-8	False	10	10	0
moe-2.4b-8	False	0	0	0
moe-2.4b-8	False	0	0	0
moe-2.4b-8	False	0	0	0
moe-2.4b-8	False	0	0	0
moe-2.4b-8	False	0	0	0
moe-2.4b-8	False	0	0	0
moe-2.4b-8	False	0	0	0
moe-2.4b-8	False	0	0	0
moe-2.4b-8	False	0	0	0
moe-2.4b-8	False	0	0	0
moe-2.4b-8	False	0	0	0
moe-2.4b-8	False	0	0	0
moe-2.4b-8	False	0	0	0
moe-2.4b-8	False	0	0	0
moe-2.4b-8	False	0	0	0
moe-2.4b-8	False	0	0	0
moe-2.4b-8	False	0	0	0
moe-2.4b-8	True	3	0	0
moe-2.4b-8	False	3	6	0
moe-2.4b-8	False	0	0	0
moe-2.4b-8	False	0	0	0
moe-2.4b-8	False	0	0	0
moe-2.4b-8	False	0	0	0
moe-2.4b-8	False	0	0	0
moe-2.4b-8	False	0	0	0
moe-2.4b-8	False	0	0	0
moe-2.4b-8	False	0	0	0
moe-2.4b-8	True	10	0	0
moe-2.4b-8	False	0	10	0
moe-2.4b-8	False	0	0	0
moe-2.4b-8	False	0	0	0
moe-2.4b-8	False	0	0	0
moe-2.4b-8	False	0	0	0
moe-2.4b-8	False	0	0	0
moe-2.4b-8	False	0	0	0
moe-2.4b-8	False	0	0	0
moe-2.4b-8	False	0	0	0
moe-2.4b-8	False	0	0	0
moe-2.4b-8	False	0	0	0
moe-2.4b-8	False	0	0	0
moe-2.4b-8	False	0	0	0
moe-2.4b-8	False	0	0	0
moe-2.4b-8	False	0	0	0
moe-2.4b-8	False	0	0	0
moe-2.4b-8	False	0	0	0
moe-2.4b-8	False	0	0	0
moe-2.4b-8	False	0	0	0
moe-2.4b-8	False	0	0	0
moe-2.4b-8	False	0	0	0
moe-2.4b-8	False	0	0	0
moe-2.4b-8	False	0	0	0
moe-2.4b-8	False	0	0	0
moe-2.4b-8	False	0	0	0
moe-2.4b-8	False	9	2	7
moe-2.4b-8	False	0	0	0
moe-2.4b-8	False	1	1	0
moe-2.4b-8	False	0	0	0
moe-2.4b-8	False	0	0	0
moe-2.4b-8	False	0	0	0
moe-2.4b-8	False	0	0	0
moe-2.4b-8	False	0	0	0
moe-2.4b-8	False	0	0	0
moe-2.4b-8	False	0	0	0
moe-2.4b-8	False	0	0	0
moe-2.4b-8	False	0	0	0
moe-2.4b-8	False	0	0	0
moe-2.4b-8	False	0	0	0
moe-2.4b-8	False	0	0	0
moe-2.4b-8	False	0	0	0
moe-2.4b-8	True	6	0	0
moe-2.4b-8	False	0	6	0
moe-2.4b-8	False	2	2	0
moe-2.4b-8	False	0	0	0
moe-2.4b-8	False	0	0	0
moe-2.4b-8	False	0	0	0
moe-2.4b-8	False	0	0	0
moe-2.4b-8	False	0	0	0
moe-2.4b-8	False	0	0	0
moe-2.4b-8	False	0	0	0
moe-2.4b-8	False	0	0	0
moe-2.4b-8	False	0	0	0
moe-2.4b-8	True	13	10	0
moe-2.4b-8	False	0	3	0
moe-2.4b-8	False	0	0	0
moe-2.4b-8	False	0	0	0
moe-2.4b-8	False	0	0	0
moe-2.4b-8	True	10	4	0
moe-2.4b-8	False	0	6	0
moe-2.4b-8	False	1	1	0
moe-2.4b-8	True	3	0	0
moe-2.4b-8	False	0	3	0
moe-2.4b-8	False	0	0	0
moe-2.4b-8	False	7	7	0
moe-2.4b-8	False	0	0	0
moe-2.4b-8	False	0	0	0
moe-2.4b-8	False	0	0	0
moe-2.4b-8	False	5	5	0
moe-2.4b-8	False	0	0	0
moe-2.4b-8	False	0	0	0
moe-2.4b-8	False	0	0	0
moe-2.4b-8	False	0	0	0
moe-2.4b-8	False	0	0	0
moe-2.4b-8	False	0	0	0
moe-2.4b-8	False	0	0	0
moe-2.4b-8	False	0	0	0
moe-2.4b-8	False	0	0	0
moe-2.4b-8	False	0	0	0
moe-2.4b-8	False	0	0	0
moe-2.4b-8	False	0	0	0
moe-2.4b-8	False	0	0	0
moe-2.4b-8	False	0	0	0
moe-2.4b-8	False	0	0	0
moe-2.4b-8	False	0	0	0
moe-2.4b-8	False	9	8	1
moe-2.4b-8	False	0	0	0
moe-2.4b-8	False	0	0	0
moe-2.4b-8	False	0	0	0
moe-2.4b-8	False	0	0	0
moe-2.4b-8	False	0	0	0
moe-2.4b-8	False	0	0	0
moe-2.4b-8	False	0	0	0
moe-2.4b-8	False	0	0	0
moe-2.4b-8	False	0	0	0
moe-2.4b-8	False	0	0	0
moe-2.4b-8	False	0	0	0
moe-2.4b-8	False	0	0	0
moe-2.4b-8	False	0	0	0
moe-2.4b-8	False	0	0	0
moe-2.4b-8	False	0	0	0
moe-2.4b-8	False	0	0	0
moe-2.4b-8	False	0	0	0
moe-2.4b-8	False	0	0	0
moe-2.4b-8	False	0	0	0
moe-2.4b-8	False	0	0	0
moe-2.4b-8	False	0	0	0
moe-2.4b-8	False	0	0	0
moe-2.4b-8	False	0	0	0
moe-2.4b-8	False	0	0	0
moe-2.4b-8	False	0	0	0
moe-2.4b-8	False	0	0	0
moe-2.4b-8	False	0	0	0
moe-2.4b-8	False	0	0	0
moe-2.4b-8	False	0	0	0
moe-2.4b-8	False	0	0	0
moe-2.4b-8	False	0	0	0
moe-2.4b-8	False	0	0	0
moe-2.4b-8	False	0	0	0
moe-2.4b-8	False	0	0	0
moe-2.4b-8	False	0	0	0
moe-2.4b-8	False	0	0	0
moe-2.4b-8	False	0	0	0
moe-2.4b-8	False	0	0	0
moe-2.4b-8	False	0	0	0
moe-2.4b-8	False	0	0	0
moe-2.4b-8	False	0	0	0
moe-2.4b-8	False	0	0	0
moe-2.4b-8	False	0	0	0
moe-2.4b-8	False	0	0	0
moe-2.4b-8	False	0	0	0
moe-2.4b-8	False	0	0	0
moe-2.4b-8	False	0	0	0
moe-2.4b-8	False	0	0	0
moe-2.4b-8	False	0	0	0
moe-2.4b-8	False	0	0	0
moe-2.4b-8	False	0	0	0
moe-2.4b-8	False	0	0	0
moe-2.4b-8	False	0	0	0
moe-2.4b-8	False	0	0	0
moe-2.4b-8	False	0	0	0
moe-2.4b-8	False	0	0	0
moe-2.4b-8	False	0	0	0
moe-2.4b-8	False	0	0	0
moe-2.4b-8	False	0	0	0
moe-2.4b-8	False	7	5	2
moe-2.4b-8	False	0	0	0
moe-2.4b-8	False	0	0	0
moe-2.4b-8	False	0	0	0
moe-2.4b-8	False	0	0	0
moe-2.4b-8	False	0	0	0
moe-2.4b-8	False	0	0	0
moe-2.4b-8	True	3	0	0
moe-2.4b-8	False	0	3	0
moe-2.4b-8	False	0	0	0
moe-2.4b-8	False	0	0	0
moe-2.4b-8	False	0	0	0
moe-2.4b-8	False	0	0	0
moe-2.4b-8	False	0	0	0
moe-2.4b-8	False	0	0	0
moe-2.4b-8	False	0	0	0
moe-2.4b-8	False	0	0	0
moe-2.4b-8	False	0	0	0
moe-2.4b-8	False	0	0	0
moe-2.4b-8	False	0	0	0
moe-2.4b-8	False	0	0	0
moe-2.4b-8	False	0	0	0
moe-2.4b-8	False	0	0	0
moe-2.4b-8	False	0	0	0
moe-2.4b-8	False	0	0	0
moe-2.4b-8	False	0	0	0
moe-2.4b-8	False	0	0	0
moe-2.4b-8	False	0	0	0
moe-2.4b-8	False	0	0	0
moe-2.4b-8	False	0	0	0
moe-2.4b-8	False	0	0	0
moe-2.4b-8	False	0	0	0
moe-2.4b-8	False	0	0	0
moe-2.4b-8	False	0	0	0
moe-2.4b-8	False	0	0	0
moe-2.4b-8	False	0	0	0
moe-2.4b-8	False	0	0	0
moe-2.4b-8	False	0	0	0
moe-2.4b-8	False	0	0	0
moe-2.4b-8	False	1	1	0
moe-2.4b-8	True	3	1	0
moe-2.4b-8	False	0	2	0
moe-2.4b-8	False	0	0	0
moe-2.4b-8	False	0	0	0
moe-2.4b-8	False	0	0	0
moe-2.4b-8	False	0	0	0
moe-2.4b-8	False	0	0	0
moe-2.4b-8	False	0	0	0
moe-2.4b-8	False	0	0	0
moe-2.4b-8	False	0	0	0
moe-2.4b-8	False	0	0	0
moe-2.4b-8	False	0	0	0
moe-2.4b-8	False	0	0	0
moe-2.4b-8	False	0	0	0
moe-2.4b-8	False	0	0	0
moe-2.4b-8	False	0	0	0
moe-2.4b-8	False	0	0	0
moe-2.4b-8	False	0	0	0
moe-2.4b-8	False	5	5	0
moe-2.4b-8	False	0	0	0
moe-2.4b-8	False	0	0	0
moe-2.4b-8	False	0	0	0
moe-2.4b-8	False	0	0	0
moe-2.4b-8	False	0	0	0
moe-2.4b-8	False	0	0	0
moe-2.4b-8	False	0	0	0
moe-2.4b-8	False	0	0	0
moe-2.4b-8	False	0	0	0
moe-2.4b-8	False	0	0	0
moe-2.4b-8	False	0	0	0
moe-2.4b-8	False	0	0	0
moe-2.4b-8	False	0	0	0
moe-2.4b-8	False	0	0	0
moe-2.4b-8	False	0	0	0
moe-2.4b-8	False	0	0	0
moe-2.4b-8	False	0	0	0
moe-2.4b-8	False	0	0	0
moe-2.4b-8	False	0	0	0
moe-2.4b-8	False	0	0	0
moe-2.4b-8	False	0	0	0
moe-2.4b-8	False	0	0	0
moe-2.4b-8	False	0	0	0
moe-2.4b-8	False	0	0	0
moe-2.4b-8	False	0	0	0
moe-2.4b-8	False	0	0	0
moe-2.4b-8	False	0	0	0
moe-2.4b-8	False	0	0	0
moe-2.4b-8	False	0	0	0
moe-2.4b-8	False	0	0	0
moe-2.4b-8	False	0	0	0
moe-2.4b-8	False	0	0	0
moe-2.4b-8	False	0	0	0
moe-2.4b-8	False	0	0	0
moe-2.4b-8	False	0	0	0
moe-2.4b-8	False	0	0	0
moe-2.4b-8	False	0	0	0
moe-2.4b-8	False	0	0	0
moe-2.4b-8	False	0	0	0
moe-2.4b-8	False	0	0	0
moe-2.4b-8	False	0	0	0
moe-2.4b-8	False	0	0	0
moe-2.4b-8	False	0	0	0
moe-2.4b-8	False	0	0	0
moe-2.4b-8	False	0	0	0
moe-2.4b-8	False	0	0	0
moe-2.4b-8	False	0	0	0
moe-2.4b-8	False	0	0	0
moe-2.4b-8	False	0	0	0
moe-2.4b-8	False	0	0	0
moe-2.4b-8	False	0	0	0
moe-2.4b-8	False	0	0	0
moe-2.4b-8	False	0	0	0
moe-2.4b-8	False	1	1	0
moe-2.4b-8	False	0	0	0
moe-2.4b-8	False	0	0	0
moe-2.4b-8	False	0	0	0
moe-2.4b-8	False	0	0	0
moe-2.4b-8	False	0	0	0
moe-2.4b-8	False	0	0	0
moe-2.4b-8	False	0	0	0
moe-2.4b-8	False	0	0	0
moe-2.4b-8	False	0	0	0
moe-2.4b-8	False	4	4	0
moe-2.4b-8	False	0	0	0
moe-2.4b-8	False	0	0	0
moe-2.4b-8	False	0	0	0
moe-2.4b-8	False	0	0	0
moe-2.4b-8	False	0	0	0
moe-2.4b-8	False	0	0	0
moe-2.4b-8	False	0	0	0
moe-2.4b-8	False	0	0	0
moe-2.4b-8	False	0	0	0
moe-2.4b-8	False	0	0	0
moe-2.4b-8	False	0	0	0
moe-2.4b-8	False	0	0	0
moe-2.4b-8	False	0	0	0
moe-2.4b-8	False	2	2	0
moe-2.4b-8	True	4	0	0
moe-2.4b-8	False	0	4	0
moe-2.4b-8	False	0	0	0
moe-2.4b-8	False	0	0	0
moe-2.4b-8	False	0	0	0
moe-2.4b-8	False	0	0	0
moe-2.4b-8	False	0	0	0
moe-2.4b-8	False	0	0	0
moe-2.4b-8	False	0	0	0
moe-2.4b-8	False	0	0	0
moe-2.4b-8	False	0	0	0
moe-2.4b-8	True	7	0	0
moe-2.4b-8	False	13	20	0
moe-2.4b-8	False	0	0	0
moe-2.4b-8	False	0	0	0
moe-2.4b-8	False	0	0	0
moe-2.4b-8	False	0	0	0
moe-2.4b-8	True	11	6	0
moe-2.4b-8	False	0	5	0
moe-2.4b-8	False	0	0	0
moe-2.4b-8	False	0	0	0
moe-2.4b-8	False	0	0	0
moe-2.4b-8	False	0	0	0
moe-2.4b-8	False	4	4	0
moe-2.4b-8	False	1	1	0
moe-2.4b-8	False	0	0	0
moe-2.4b-8	False	0	0	0
moe-2.4b-8	False	0	0	0
moe-2.4b-8	False	0	0	0
moe-2.4b-8	False	0	0	0
moe-2.4b-8	False	6	6	0
moe-2.4b-8	False	0	0	0
moe-2.4b-8	False	1	1	0
moe-2.4b-8	True	3	1	0
moe-2.4b-8	False	0	2	0
moe-2.4b-8	False	0	0	0
moe-2.4b-8	False	0	0	0
moe-2.4b-8	False	0	0	0
moe-2.4b-8	False	0	0	0
moe-2.4b-8	False	0	0	0
moe-2.4b-8	False	0	0	0
moe-2.4b-8	False	0	0	0
moe-2.4b-8	False	0	0	0
moe-2.4b-8	False	0	0	0
moe-2.4b-8	False	0	0	0
moe-2.4b-8	False	0	0	0
moe-2.4b-8	False	0	0	0
moe-2.4b-8	False	0	0	0
moe-2.4b-8	False	0	0	0
moe-2.4b-8	False	0	0	0
moe-2.4b-8	False	0	0	0
moe-2.4b-8	True	3	1	0
moe-2.4b-8	False	0	2	0
moe-2.4b-8	False	0	0	0
moe-2.4b-8	False	0	0	0
moe-2.4b-8	False	0	0	0
moe-2.4b-8	False	0	0	0
moe-2.4b-8	False	0	0	0
moe-2.4b-8	False	0	0	0
moe-2.4b-8	False	1	1	0
moe-2.4b-8	False	0	0	0
moe-2.4b-8	False	0	0	0
moe-2.4b-8	False	0	0	0
moe-2.4b-8	False	0	0	0
moe-2.4b-8	False	0	0	0
moe-2.4b-8	False	0	0	0
moe-2.4b-8	False	0	0	0
moe-2.4b-8	False	0	0	0
moe-2.4b-8	False	0	0	0
moe-2.4b-8	False	0	0	0
moe-2.4b-8	False	0	0	0
moe-2.4b-8	False	0	0	0
moe-2.4b-8	False	0	0	0
moe-2.4b-8	False	0	0	0
moe-2.4b-8	False	0	0	0
moe-2.4b-8	False	0	0	0
moe-2.4b-8	False	0	0	0
moe-2.4b-8	False	0	0	0
moe-2.4b-8	False	0	0	0
moe-2.4b-8	True	15	2	0
moe-2.4b-8	False	1	14	0
moe-2.4b-8	False	0	0	0
moe-2.4b-8	False	0	0	0
moe-2.4b-8	False	0	0	0
moe-2.4b-8	False	0	0	0
moe-2.4b-8	False	0	0	0
moe-2.4b-8	False	0	0	0
moe-2.4b-8	False	0	0	0
moe-2.4b-8	False	0	0	0
moe-2.4b-8	False	0	0	0
moe-2.4b-8	False	0	0	0
moe-2.4b-8	False	0	0	0
moe-2.4b-8	False	0	0	0
moe-2.4b-8	False	0	0	0
moe-2.4b-8	False	0	0	0
moe-2.4b-8	False	0	0	0
moe-2.4b-8	False	0	0	0
moe-2.4b-8	False	0	0	0
moe-2.4b-8	False	0	0	0
moe-2.4b-8	False	0	0	0
moe-2.4b-8	True	2	0	0
moe-2.4b-8	False	0	2	0
moe-2.4b-8	False	0	0	0
moe-2.4b-8	False	0	0	0
moe-2.4b-8	False	0	0	0
moe-2.4b-8	False	0	0	0
moe-2.4b-8	False	0	0	0
moe-2.4b-8	False	0	0	0
moe-2.4b-8	True	1	0	0
moe-2.4b-8	False	1	2	0
moe-2.4b-8	False	0	0	0
moe-2.4b-8	False	0	0	0
moe-2.4b-8	False	0	0	0
moe-2.4b-8	False	0	0	0
moe-2.4b-8	False	0	0	0
moe-2.4b-8	False	0	0	0
moe-2.4b-8	False	0	0	0
moe-2.4b-8	False	0	0	0
moe-2.4b-8	False	0	0	0
moe-2.4b-8	False	0	0	0
moe-2.4b-8	False	0	0	0
moe-2.4b-8	False	0	0	0
moe-2.4b-8	False	0	0	0
moe-2.4b-8	False	0	0	0
moe-2.4b-8	False	0	0	0
moe-2.4b-8	False	0	0	0
moe-2.4b-8	False	0	0	0
moe-2.4b-8	False	0	0	0
moe-2.4b-8	False	0	0	0
moe-2.4b-8	False	0	0	0
moe-2.4b-8	False	0	0	0
moe-2.4b-8	False	0	0	0
moe-2.4b-8	False	0	0	0
moe-2.4b-8	False	0	0	0
moe-2.4b-8	False	0	0	0
moe-2.4b-8	False	0	0	0
moe-2.4b-8	False	0	0	0
moe-2.4b-8	False	0	0	0
moe-2.4b-8	False	0	0	0
moe-2.4b-8	False	0	0	0
moe-2.4b-8	False	0	0	0
moe-2.4b-8	False	0	0	0
moe-2.4b-8	False	0	0	0
moe-2.4b-8	False	0	0	0
moe-2.4b-8	False	0	0	0
moe-2.4b-8	False	0	0	0
moe-2.4b-8	False	0	0	0
moe-2.4b-8	False	0	0	0
moe-2.4b-8	False	0	0	0
moe-2.4b-8	False	0	0	0
moe-2.4b-8	False	0	0	0
moe-2.4b-8	False	0	0	0
moe-2.4b-8	False	3	3	0
moe-2.4b-8	False	0	0	0
moe-2.4b-8	False	0	0	0
moe-2.4b-8	False	0	0	0
moe-2.4b-8	False	0	0	0
moe-2.4b-8	False	0	0	0
moe-2.4b-8	False	0	0	0
moe-2.4b-8	False	0	0	0
moe-2.4b-8	False	0	0	0
moe-2.4b-8	False	0	0	0
moe-2.4b-8	False	0	0	0
moe-2.4b-8	False	0	0	0
moe-2.4b-8	False	0	0	0
moe-2.4b-8	False	0	0	0
moe-2.4b-8	False	0	0	0
moe-2.4b-8	False	0	0	0
moe-2.4b-8	False	0	0	0
moe-2.4b-8	False	0	0	0
moe-2.4b-8	False	0	0	0
moe-2.4b-8	False	0	0	0
moe-2.4b-8	False	0	0	0
moe-2.4b-8	False	1	1	0
moe-2.4b-8	True	2	0	0
moe-2.4b-8	False	2	4	0
moe-2.4b-8	False	0	0	0
moe-2.4b-8	False	0	0	0
moe-2.4b-8	False	0	0	0
moe-2.4b-8	False	0	0	0
moe-2.4b-8	False	0	0	0
moe-2.4b-8	False	0	0	0
moe-2.4b-8	False	0	0	0
moe-2.4b-8	False	0	0	0
moe-2.4b-8	False	0	0	0
moe-2.4b-8	False	0	0	0
moe-2.4b-8	False	0	0	0
moe-2.4b-8	False	0	0	0
moe-2.4b-8	False	0	0	0
moe-2.4b-8	False	0	0	0
moe-2.4b-8	False	0	0	0
moe-2.4b-8	False	0	0	0
moe-2.4b-8	False	0	0	0
moe-2.4b-8	False	0	0	0
moe-2.4b-8	False	0	0	0
moe-2.4b-8	False	0	0	0
moe-2.4b-8	False	0	0	0
moe-2.4b-8	False	0	0	0
moe-2.4b-8	False	0	0	0
moe-2.4b-8	False	0	0	0
moe-2.4b-8	False	0	0	0
moe-2.4b-8	False	0	0	0
moe-2.4b-8	False	0	0	0
moe-2.4b-8	False	0	0	0
moe-2.4b-8	False	0	0	0
moe-2.4b-8	False	0	0	0
moe-2.4b-8	False	0	0	0
moe-2.4b-8	False	0	0	0
moe-2.4b-8	False	0	0	0
moe-2.4b-8	False	0	0	0
moe-2.4b-8	False	0	0	0
moe-2.4b-8	False	0	0	0
moe-2.4b-8	False	0	0	0
moe-2.4b-8	False	0	0	0
moe-2.4b-8	False	0	0	0
moe-2.4b-8	False	0	0	0
moe-2.4b-8	False	0	0	0
moe-2.4b-8	False	0	0	0
moe-2.4b-8	False	0	0	0
moe-2.4b-8	False	0	0	0
moe-2.4b-8	False	0	0	0
moe-2.4b-8	False	0	0	0
moe-2.4b-8	False	0	0	0
moe-2.4b-8	True	2	1	0
moe-2.4b-8	False	0	1	0
moe-2.4b-8	False	0	0	0
moe-2.4b-8	False	0	0	0
moe-2.4b-8	False	0	0	0
moe-2.4b-8	False	0	0	0
moe-2.4b-8	False	0	0	0
moe-2.4b-8	False	0	0	0
moe-2.4b-8	False	0	0	0
moe-2.4b-8	False	0	0	0
moe-2.4b-8	False	0	0	0
moe-2.4b-8	False	0	0	0
moe-2.4b-8	False	0	0	0
moe-2.4b-8	False	0	0	0
moe-2.4b-8	False	0	0	0
moe-2.4b-8	False	0	0	0
moe-2.4b-8	False	0	0	0
moe-2.4b-8	False	0	0	0
moe-2.4b-8	False	0	0	0
moe-2.4b-8	False	0	0	0
moe-2.4b-8	False	0	0	0
moe-2.4b-8	False	0	0	0
moe-2.4b-8	False	0	0	0
moe-2.4b-8	False	0	0	0
moe-2.4b-8	False	0	0	0
moe-2.4b-8	False	0	0	0
moe-2.4b-8	False	0	0	0
moe-2.4b-8	False	0	0	0
moe-2.4b-8	False	0	0	0
moe-2.4b-8	False	0	0	0
moe-2.4b-8	False	0	0	0
moe-2.4b-8	False	0	0	0
moe-2.4b-8	False	0	0	0
moe-2.4b-8	False	0	0	0
moe-2.4b-8	False	0	0	0
moe-2.4b-8	False	0	0	0
moe-2.4b-8	False	0	0	0
moe-2.4b-8	False	0	0	0
moe-2.4b-8	False	0	0	0
moe-2.4b-8	False	0	0	0
moe-2.4b-8	False	0	0	0
moe-2.4b-8	False	0	0	0
moe-2.4b-8	False	0	0	0
moe-2.4b-8	True	2	0	0
moe-2.4b-8	False	2	4	0
moe-2.4b-8	False	0	0	0
moe-2.4b-8	False	0	0	0
moe-2.4b-8	False	0	0	0
moe-2.4b-8	False	0	0	0
moe-2.4b-8	False	0	0	0
moe-2.4b-8	False	0	0	0
moe-2.4b-8	False	0	0	0
moe-2.4b-8	False	0	0	0
moe-2.4b-8	False	0	0	0
moe-2.4b-8	False	0	0	0
moe-2.4b-8	False	0	0	0
moe-2.4b-8	False	0	0	0
moe-2.4b-8	False	0	0	0
moe-2.4b-8	False	0	0	0
moe-2.4b-8	False	0	0	0
moe-2.4b-8	False	1	1	0
moe-2.4b-8	False	0	0	0
moe-2.4b-8	False	0	0	0
moe-2.4b-8	False	0	0	0
moe-2.4b-8	False	0	0	0
moe-2.4b-8	False	0	0	0
moe-2.4b-8	False	0	0	0
moe-2.4b-8	False	0	0	0
moe-2.4b-8	False	0	0	0
moe-2.4b-8	False	0	0	0
moe-2.4b-8	False	0	0	0
moe-2.4b-8	False	0	0	0
moe-2.4b-8	False	0	0	0
moe-2.4b-8	False	0	0	0
moe-2.4b-8	False	0	0	0
moe-2.4b-8	False	0	0	0
moe-2.4b-8	False	0	0	0
moe-2.4b-8	False	0	0	0
moe-2.4b-8	False	0	0	0
moe-2.4b-8	False	0	0	0
moe-2.4b-8	False	0	0	0
moe-2.4b-8	False	0	0	0
moe-2.4b-8	False	0	0	0
moe-2.4b-8	False	0	0	0
moe-2.4b-8	False	0	0	0
moe-2.4b-8	False	0	0	0
moe-2.4b-8	False	0	0	0
moe-2.4b-8	False	0	0	0
moe-2.4b-8	False	0	0	0
moe-2.4b-8	False	0	0	0
moe-2.4b-8	False	0	0	0
moe-2.4b-8	False	0	0	0
moe-2.4b-8	False	0	0	0
moe-2.4b-8	False	0	0	0
moe-2.4b-8	False	0	0	0
moe-2.4b-8	False	0	0	0
moe-2.4b-8	False	0	0	0
moe-2.4b-8	False	0	0	0
moe-2.4b-8	False	0	0	0
moe-2.4b-8	False	0	0	0
moe-2.4b-8	False	8	8	0
moe-2.4b-8	False	1	1	0
moe-2.4b-8	False	0	0	0
moe-2.4b-8	False	0	0	0
moe-2.4b-8	False	0	0	0
moe-2.4b-8	False	0	0	0
moe-2.4b-8	False	4	4	0
moe-2.4b-8	False	6	6	0
moe-2.4b-8	False	0	0	0
moe-2.4b-8	False	0	0	0
moe-2.4b-8	False	5	5	0
moe-2.4b-8	False	0	0	0
moe-2.4b-8	False	0	0	0
moe-2.4b-8	False	0	0	0
moe-2.4b-8	False	0	0	0
moe-2.4b-8	False	0	0	0
moe-2.4b-8	False	0	0	0
moe-2.4b-8	False	0	0	0
moe-2.4b-8	False	0	0	0
moe-2.4b-8	False	0	0	0
moe-2.4b-8	False	10	1	9
moe-2.4b-8	False	0	0	0
moe-2.4b-8	False	0	0	0
moe-2.4b-8	False	0	0	0
moe-2.4b-8	False	0	0	0
moe-2.4b-8	False	0	0	0
moe-2.4b-8	False	0	0	0
moe-2.4b-8	False	0	0	0
moe-2.4b-8	False	0	0	0
moe-2.4b-8	False	0	0	0
moe-2.4b-8	False	0	0	0
moe-2.4b-8	False	0	0	0
moe-2.4b-8	False	0	0	0
moe-2.4b-8	False	0	0	0
moe-2.4b-8	False	0	0	0
moe-2.4b-8	False	0	0	0
moe-2.4b-8	False	0	0	0
moe-2.4b-8	False	0	0	0
moe-2.4b-8	False	0	0	0
moe-2.4b-8	False	0	0	0
moe-2.4b-8	False	0	0	0
moe-2.4b-8	False	0	0	0
moe-2.4b-8	False	0	0	0
moe-2.4b-8	False	0	0	0
moe-2.4b-8	False	0	0	0
moe-2.4b-8	False	0	0	0
moe-2.4b-8	False	0	0	0
moe-2.4b-8	False	0	0	0
moe-2.4b-8	False	0	0	0
moe-2.4b-8	False	0	0	0
moe-2.4b-8	False	0	0	0
moe-2.4b-8	True	8	1	0
moe-2.4b-8	False	0	7	0
moe-2.4b-8	False	0	0	0
moe-2.4b-8	False	0	0	0
moe-2.4b-8	False	0	0	0
moe-2.4b-8	False	0	0	0
moe-2.4b-8	False	0	0	0
moe-2.4b-8	False	0	0	0
moe-2.4b-8	False	0	0	0
moe-2.4b-8	False	0	0	0
moe-2.4b-8	False	0	0	0
moe-2.4b-8	False	0	0	0
moe-2.4b-8	False	0	0	0
moe-2.4b-8	False	0	0	0
moe-2.4b-8	False	0	0	0
moe-2.4b-8	False	0	0	0
moe-2.4b-8	False	0	0	0
moe-2.4b-8	False	0	0	0
moe-2.4b-8	False	0	0	0
moe-2.4b-8	False	0	0	0
moe-2.4b-8	False	0	0	0
moe-2.4b-8	False	0	0	0
moe-2.4b-8	False	0	0	0
moe-2.4b-8	False	0	0	0
moe-2.4b-8	False	0	0	0
moe-2.4b-8	False	0	0	0
moe-2.4b-8	False	0	0	0
moe-2.4b-8	False	0	0	0
moe-2.4b-8	False	0	0	0
moe-2.4b-8	False	0	0	0
moe-2.4b-8	True	5	2	0
moe-2.4b-8	False	0	3	0
moe-2.4b-8	False	0	0	0
moe-2.4b-8	False	0	0	0
moe-2.4b-8	False	0	0	0
moe-2.4b-8	False	0	0	0
moe-2.4b-8	False	1	1	0
moe-2.4b-8	False	0	0	0
moe-2.4b-8	False	0	0	0
moe-2.4b-8	False	0	0	0
moe-2.4b-8	False	4	4	0
moe-2.4b-8	False	0	0	0
moe-2.4b-8	False	0	0	0
moe-2.4b-8	False	0	0	0
moe-2.4b-8	False	0	0	0
moe-2.4b-8	False	0	0	0
moe-2.4b-8	False	0	0	0
moe-2.4b-8	False	0	0	0
moe-2.4b-8	False	0	0	0
moe-2.4b-8	False	0	0	0
moe-2.4b-8	False	0	0	0
moe-2.4b-8	False	0	0	0
moe-2.4b-8	False	0	0	0
moe-2.4b-8	False	0	0	0
moe-2.4b-8	False	0	0	0
moe-2.4b-8	False	0	0	0
moe-2.4b-8	False	0	0	0
moe-2.4b-8	False	0	0	0
moe-2.4b-8	False	0	0	0
moe-2.4b-8	False	0	0	0
moe-2.4b-8	False	0	0	0
moe-2.4b-8	False	0	0	0
moe-2.4b-8	False	0	0	0
moe-2.4b-8	False	0	0	0
moe-2.4b-8	False	0	0	0
moe-2.4b-8	False	0	0	0
moe-2.4b-8	False	0	0	0
moe-2.4b-8	False	0	0	0
moe-2.4b-8	False	0	0	0
moe-2.4b-8	False	0	0	0
moe-2.4b-8	False	0	0	0
moe-2.4b-8	False	0	0	0
moe-2.4b-8	False	0	0	0
moe-2.4b-8	False	0	0	0
moe-2.4b-8	False	0	0	0
moe-2.4b-8	False	0	0	0
moe-2.4b-8	False	0	0	0
moe-2.4b-8	False	0	0	0
moe-2.4b-8	False	0	0	0
moe-2.4b-8	False	0	0	0
moe-2.4b-8	False	0	0	0
moe-2.4b-8	False	0	0	0
moe-2.4b-8	False	0	0	0
moe-2.4b-8	False	0	0	0
moe-2.4b-8	False	0	0	0
moe-2.4b-8	False	0	0	0
moe-2.4b-8	False	0	0	0
moe-2.4b-8	False	1	1	0
moe-2.4b-8	False	2	2	0
moe-2.4b-8	False	0	0	0
moe-2.4b-8	False	0	0	0
moe-2.4b-8	False	0	0	0
moe-2.4b-8	False	0	0	0
moe-2.4b-8	False	0	0	0
moe-2.4b-8	False	0	0	0
moe-2.4b-8	False	0	0	0
moe-2.4b-8	False	0	0	0
moe-2.4b-8	False	0	0	0
moe-2.4b-8	False	0	0	0
moe-2.4b-8	False	0	0	0
moe-2.4b-8	True	5	0	0
moe-2.4b-8	False	0	5	0
moe-2.4b-8	False	0	0	0
moe-2.4b-8	False	0	0	0
moe-2.4b-8	False	0	0	0
moe-2.4b-8	False	0	0	0
moe-2.4b-8	False	0	0	0
moe-2.4b-8	False	0	0	0
moe-2.4b-8	False	0	0	0
moe-2.4b-8	False	0	0	0
moe-2.4b-8	False	0	0	0
moe-2.4b-8	False	0	0	0
moe-2.4b-8	False	0	0	0
moe-2.4b-8	False	0	0	0
moe-2.4b-8	False	0	0	0
moe-2.4b-8	False	0	0	0
moe-2.4b-8	False	1	1	0
moe-2.4b-8	False	0	0	0
moe-2.4b-8	False	0	0	0
moe-2.4b-8	False	0	0	0
moe-2.4b-8	False	0	0	0
moe-2.4b-8	False	7	7	0
moe-2.4b-8	False	0	0	0
moe-2.4b-8	False	0	0	0
moe-2.4b-8	False	1	1	0
moe-2.4b-8	False	0	0	0
moe-2.4b-8	False	0	0	0
moe-2.4b-8	False	0	0	0
moe-2.4b-8	False	0	0	0
moe-2.4b-8	False	0	0	0
moe-2.4b-8	False	0	0	0
moe-2.4b-8	False	0	0	0
moe-2.4b-8	False	0	0	0
moe-2.4b-8	False	0	0	0
moe-2.4b-8	False	0	0	0
moe-2.4b-8	False	0	0	0
moe-2.4b-8	False	0	0	0
moe-2.4b-8	False	0	0	0
moe-2.4b-8	False	0	0	0
moe-2.4b-8	False	0	0	0
moe-2.4b-8	False	0	0	0
moe-2.4b-8	False	0	0	0
moe-2.4b-8	False	0	0	0
moe-2.4b-8	False	0	0	0
moe-2.4b-8	False	0	0	0
moe-2.4b-8	False	0	0	0
moe-2.4b-8	False	0	0	0
moe-2.4b-8	False	0	0	0
moe-2.4b-8	False	0	0	0
moe-2.4b-8	False	1	1	0
moe-2.4b-8	False	0	0	0
moe-2.4b-8	False	0	0	0
moe-2.4b-8	False	0	0	0
moe-2.4b-8	False	0	0	0
moe-2.4b-8	False	0	0	0
moe-2.4b-8	False	0	0	0
moe-2.4b-8	False	0	0	0
moe-2.4b-8	False	0	0	0
moe-2.4b-8	False	0	0	0
moe-2.4b-8	False	0	0	0
moe-2.4b-8	False	0	0	0
moe-2.4b-8	False	0	0	0
moe-2.4b-8	False	2	2	0
moe-2.4b-8	False	0	0	0
moe-2.4b-8	False	0	0	0
moe-2.4b-8	True	4	3	0
moe-2.4b-8	True	4	1	0
moe-2.4b-8	False	0	4	0
moe-2.4b-8	False	0	0	0
moe-2.4b-8	False	1	1	0
moe-2.4b-8	False	1	1	0
moe-2.4b-8	False	0	0	0
moe-2.4b-8	False	0	0	0
moe-2.4b-8	False	0	0	0
moe-2.4b-8	False	0	0	0
moe-2.4b-8	False	0	0	0
moe-2.4b-8	False	0	0	0
moe-2.4b-8	False	0	0	0
moe-2.4b-8	False	0	0	0
moe-2.4b-8	False	0	0	0
moe-2.4b-8	False	0	0	0
moe-2.4b-8	False	0	0	0
moe-2.4b-8	False	0	0	0
moe-2.4b-8	False	0	0	0
moe-2.4b-8	False	0	0	0
moe-2.4b-8	False	0	0	0
moe-2.4b-8	False	0	0	0
moe-2.4b-8	False	0	0	0
moe-2.4b-8	False	0	0	0
moe-2.4b-8	False	0	0	0
moe-2.4b-8	False	0	0	0
moe-2.4b-8	False	0	0	0
moe-2.4b-8	False	0	0	0
moe-2.4b-8	False	1	1	0
moe-2.4b-8	False	0	0	0
moe-2.4b-8	False	0	0	0
moe-2.4b-8	False	0	0	0
moe-2.4b-8	False	0	0	0
moe-2.4b-8	False	0	0	0
moe-2.4b-8	False	0	0	0
moe-2.4b-8	False	0	0	0
moe-2.4b-8	False	0	0	0
moe-2.4b-8	False	0	0	0
moe-2.4b-8	False	0	0	0
moe-2.4b-8	False	0	0	0
moe-2.4b-8	False	0	0	0
moe-2.4b-8	False	0	0	0
moe-2.4b-8	False	0	0	0
moe-2.4b-8	False	0	0	0
moe-2.4b-8	True	5	0	4
moe-2.4b-8	False	0	1	0
moe-2.4b-8	False	0	0	0
moe-2.4b-8	True	6	0	0
moe-2.4b-8	False	3	9	0
moe-2.4b-8	False	0	0	0
moe-2.4b-8	False	0	0	0
moe-2.4b-8	False	0	0	0
moe-2.4b-8	False	0	0	0
moe-2.4b-8	False	0	0	0
moe-2.4b-8	False	3	3	0
moe-2.4b-8	False	0	0	0
moe-2.4b-8	False	0	0	0
moe-2.4b-8	False	0	0	0
moe-2.4b-8	False	0	0	0
moe-2.4b-8	False	0	0	0
moe-2.4b-8	False	1	1	0
moe-2.4b-8	False	0	0	0
moe-2.4b-8	False	0	0	0
moe-2.4b-8	False	0	0	0
moe-2.4b-8	False	0	0	0
moe-2.4b-8	False	0	0	0
moe-2.4b-8	False	0	0	0
moe-2.4b-8	False	0	0	0
moe-2.4b-8	False	0	0	0
moe-2.4b-8	False	0	0	0
moe-2.4b-8	False	0	0	0
moe-2.4b-8	False	0	0	0
moe-2.4b-8	False	0	0	0
moe-2.4b-8	False	0	0	0
moe-2.4b-8	False	0	0	0
moe-2.4b-8	False	0	0	0
moe-2.4b-8	False	0	0	0
moe-2.4b-8	False	0	0	0
moe-2.4b-8	False	0	0	0
moe-2.4b-8	False	0	0	0
moe-2.4b-8	False	0	0	0
moe-2.4b-8	False	0	0	0
moe-2.4b-8	False	0	0	0
moe-2.4b-8	False	0	0	0
moe-2.4b-8	False	0	0	0
moe-2.4b-8	False	0	0	0
moe-2.4b-8	False	0	0	0
moe-2.4b-8	False	0	0	0
moe-2.4b-8	False	0	0	0
moe-2.4b-8	False	0	0	0
moe-2.4b-8	False	0	0	0
moe-2.4b-8	False	0	0	0
moe-2.4b-8	False	0	0	0
moe-2.4b-8	False	0	0	0
moe-2.4b-8	False	0	0	0
moe-2.4b-8	False	0	0	0
moe-2.4b-8	False	0	0	0
moe-2.4b-8	False	0	0	0
moe-2.4b-8	False	0	0	0
moe-2.4b-8	False	0	0	0
moe-2.4b-8	False	0	0	0
moe-2.4b-8	False	0	0	0
moe-2.4b-8	False	0	0	0
moe-2.4b-8	False	0	0	0
moe-2.4b-8	False	1	1	0
moe-2.4b-8	False	0	0	0
moe-2.4b-8	False	0	0	0
moe-2.4b-8	False	0	0	0
moe-2.4b-8	False	0	0	0
moe-2.4b-8	False	2	2	0
moe-2.4b-8	False	0	0	0
moe-2.4b-8	False	0	0	0
moe-2.4b-8	False	0	0	0
moe-2.4b-8	False	0	0	0
moe-2.4b-8	False	0	0	0
moe-2.4b-8	False	0	0	0
moe-2.4b-8	False	0	0	0
moe-2.4b-8	False	0	0	0
moe-2.4b-8	False	0	0	0
moe-2.4b-8	False	0	0	0
moe-2.4b-8	False	0	0	0
moe-2.4b-8	False	0	0	0
moe-2.4b-8	False	0	0	0
moe-2.4b-8	False	0	0	0
moe-2.4b-8	False	0	0	0
moe-2.4b-8	False	0	0	0
moe-2.4b-8	False	0	0	0
moe-2.4b-8	False	0	0	0
moe-2.4b-8	False	0	0	0
moe-2.4b-8	False	0	0	0
moe-2.4b-8	False	0	0	0
moe-2.4b-8	False	0	0	0
moe-2.4b-8	False	0	0	0
moe-2.4b-8	False	0	0	0
moe-2.4b-8	False	0	0	0
moe-2.4b-8	False	0	0	0
moe-2.4b-8	False	0	0	0
moe-2.4b-8	False	0	0	0
moe-2.4b-8	False	0	0	0
moe-2.4b-8	False	3	3	0
moe-2.4b-8	False	0	0	0
moe-2.4b-8	False	0	0	0
moe-2.4b-8	False	0	0	0
moe-2.4b-8	True	6	0	0
moe-2.4b-8	False	2	8	0
moe-2.4b-8	False	0	0	0
moe-2.4b-8	False	0	0	0
moe-2.4b-8	False	0	0	0
moe-2.4b-8	False	0	0	0
moe-2.4b-8	False	0	0	0
moe-2.4b-8	False	3	3	0
moe-2.4b-8	False	0	0	0
moe-2.4b-8	False	0	0	0
moe-2.4b-8	False	0	0	0
moe-2.4b-8	False	0	0	0
moe-2.4b-8	False	0	0	0
moe-2.4b-8	False	0	0	0
moe-2.4b-8	False	0	0	0
moe-2.4b-8	False	0	0	0
moe-2.4b-8	False	0	0	0
moe-2.4b-8	False	0	0	0
moe-2.4b-8	False	0	0	0
moe-2.4b-8	False	0	0	0
moe-2.4b-8	False	4	4	0
moe-2.4b-8	False	0	0	0
moe-2.4b-8	False	0	0	0
moe-2.4b-8	False	0	0	0
moe-2.4b-8	False	3	3	0
moe-2.4b-8	False	0	0	0
moe-2.4b-8	False	0	0	0
moe-2.4b-8	False	0	0	0
moe-2.4b-8	False	0	0	0
moe-2.4b-8	False	0	0	0
moe-2.4b-8	False	0	0	0
moe-2.4b-8	False	0	0	0
moe-2.4b-8	False	0	0	0
moe-2.4b-8	False	0	0	0
moe-2.4b-8	False	0	0	0
moe-2.4b-8	False	0	0	0
moe-2.4b-8	False	0	0	0
moe-2.4b-8	False	0	0	0
moe-2.4b-8	False	0	0	0
moe-2.4b-8	True	1	0	0
moe-2.4b-8	False	6	7	0
moe-2.4b-8	False	0	0	0
moe-2.4b-8	False	0	0	0
moe-2.4b-8	False	0	0	0
moe-2.4b-8	False	3	3	0
moe-2.4b-8	False	0	0	0
moe-2.4b-8	False	0	0	0
moe-2.4b-8	False	0	0	0
moe-2.4b-8	False	0	0	0
moe-2.4b-8	False	0	0	0
moe-2.4b-8	False	1	1	0
moe-2.4b-8	False	0	0	0
moe-2.4b-8	False	0	0	0
moe-2.4b-8	False	0	0	0
moe-2.4b-8	False	0	0	0
moe-2.4b-8	False	0	0	0
moe-2.4b-8	False	0	0	0
moe-2.4b-8	False	0	0	0
moe-2.4b-8	False	0	0	0
moe-2.4b-8	False	0	0	0
moe-2.4b-8	False	0	0	0
moe-2.4b-8	False	0	0	0
moe-2.4b-8	False	0	0	0
moe-2.4b-8	False	0	0	0
moe-2.4b-8	False	0	0	0
moe-2.4b-8	False	0	0	0
moe-2.4b-8	False	0	0	0
moe-2.4b-8	False	0	0	0
moe-2.4b-8	False	0	0	0
moe-2.4b-8	False	0	0	0
moe-2.4b-8	False	0	0	0
moe-2.4b-8	False	0	0	0
moe-2.4b-8	False	0	0	0
moe-2.4b-8	False	0	0	0
moe-2.4b-8	False	0	0	0
moe-2.4b-8	False	0	0	0
moe-2.4b-8	False	0	0	0
moe-2.4b-8	False	0	0	0
moe-2.4b-8	False	0	0	0
moe-2.4b-8	False	0	0	0
moe-2.4b-8	False	0	0	0
moe-2.4b-8	False	4	4	0
moe-2.4b-8	False	0	0	0
moe-2.4b-8	False	0	0	0
moe-2.4b-8	False	0	0	0
moe-2.4b-8	False	0	0	0
moe-2.4b-8	False	0	0	0
moe-2.4b-8	False	0	0	0
moe-2.4b-8	False	0	0	0
moe-2.4b-8	False	0	0	0
moe-2.4b-8	False	0	0	0
moe-2.4b-8	False	0	0	0
moe-2.4b-8	False	0	0	0
moe-2.4b-8	False	0	0	0
moe-2.4b-8	False	0	0	0
moe-2.4b-8	False	0	0	0
moe-2.4b-8	False	0	0	0
moe-2.4b-8	False	0	0	0
moe-2.4b-8	False	0	0	0
moe-2.4b-8	False	0	0	0
moe-2.4b-8	False	0	0	0
moe-2.4b-8	False	0	0	0
moe-2.4b-8	False	0	0	0
moe-2.4b-8	False	1	1	0
moe-2.4b-8	False	0	0	0
moe-2.4b-8	False	0	0	0
moe-2.4b-8	False	0	0	0
moe-2.4b-8	False	0	0	0
moe-2.4b-8	False	0	0	0
moe-2.4b-8	False	0	0	0
moe-2.4b-8	False	0	0	0
moe-2.4b-8	False	0	0	0
moe-2.4b-8	False	0	0	0
moe-2.4b-8	False	0	0	0
moe-2.4b-8	False	0	0	0
moe-2.4b-8	False	0	0	0
moe-2.4b-8	False	0	0	0
moe-2.4b-8	False	0	0	0
moe-2.4b-8	False	0	0	0
moe-2.4b-8	False	0	0	0
moe-2.4b-8	False	0	0	0
moe-2.4b-8	False	0	0	0
moe-2.4b-8	False	0	0	0
moe-2.4b-8	False	0	0	0
moe-2.4b-8	False	0	0	0
moe-2.4b-8	False	0	0	0
moe-2.4b-8	False	0	0	0
moe-2.4b-8	False	0	0	0
moe-2.4b-8	False	0	0	0
moe-2.4b-8	False	0	0	0
moe-2.4b-8	False	0	0	0
moe-2.4b-8	False	0	0	0
moe-2.4b-8	False	0	0	0
moe-2.4b-8	False	0	0	0
moe-2.4b-8	False	0	0	0
moe-2.4b-8	False	0	0	0
moe-2.4b-8	False	0	0	0
moe-2.4b-8	False	0	0	0
moe-2.4b-8	False	0	0	0
moe-2.4b-8	False	0	0	0
moe-2.4b-8	False	0	0	0
moe-2.4b-8	False	7	7	0
moe-2.4b-8	False	0	0	0
moe-2.4b-8	False	0	0	0
moe-2.4b-8	True	3	1	0
moe-2.4b-8	False	0	2	0
moe-2.4b-8	False	0	0	0
moe-2.4b-8	False	0	0	0
moe-2.4b-8	False	0	0	0
moe-2.4b-8	False	0	0	0
moe-2.4b-8	False	0	0	0
moe-2.4b-8	False	0	0	0
moe-2.4b-8	False	0	0	0
moe-2.4b-8	False	0	0	0
moe-2.4b-8	False	0	0	0
moe-2.4b-8	False	0	0	0
moe-2.4b-8	False	0	0	0
moe-2.4b-8	False	0	0	0
moe-2.4b-8	False	0	0	0
moe-2.4b-8	False	0	0	0
moe-2.4b-8	False	0	0	0
moe-2.4b-8	False	0	0	0
moe-2.4b-8	False	0	0	0
moe-2.4b-8	False	0	0	0
moe-2.4b-8	False	0	0	0
moe-2.4b-8	False	0	0	0
moe-2.4b-8	False	0	0	0
moe-2.4b-8	False	0	0	0
moe-2.4b-8	False	0	0	0
moe-2.4b-8	False	0	0	0
moe-2.4b-8	False	0	0	0
moe-2.4b-8	False	0	0	0
moe-2.4b-8	False	0	0	0
moe-2.4b-8	False	0	0	0
moe-2.4b-8	False	0	0	0
moe-2.4b-8	False	0	0	0
moe-2.4b-8	False	0	0	0
moe-2.4b-8	False	0	0	0
moe-2.4b-8	False	0	0	0
moe-2.4b-8	False	0	0	0
moe-2.4b-8	False	0	0	0
moe-2.4b-8	False	6	6	0
moe-2.4b-8	False	0	0	0
moe-2.4b-8	False	0	0	0
moe-2.4b-8	False	0	0	0
moe-2.4b-8	True	4	1	0
moe-2.4b-8	False	0	3	0
moe-2.4b-8	False	0	0	0
moe-2.4b-8	False	7	7	0
moe-2.4b-8	False	0	0	0
moe-2.4b-8	False	0	0	0
moe-2.4b-8	False	0	0	0
moe-2.4b-8	False	0	0	0
moe-2.4b-8	False	0	0	0
moe-2.4b-8	False	0	0	0
moe-2.4b-8	False	0	0	0
moe-2.4b-8	False	0	0	0
moe-2.4b-8	False	0	0	0
moe-2.4b-8	False	0	0	0
moe-2.4b-8	False	0	0	0
moe-2.4b-8	False	1	1	0
moe-2.4b-8	False	2	2	0
moe-2.4b-8	False	0	0	0
moe-2.4b-8	False	0	0	0
moe-2.4b-8	False	0	0	0
moe-2.4b-8	False	0	0	0
moe-2.4b-8	False	0	0	0
moe-2.4b-8	False	0	0	0
moe-2.4b-8	False	0	0	0
moe-2.4b-8	False	0	0	0
moe-2.4b-8	False	0	0	0
moe-2.4b-8	False	0	0	0
moe-2.4b-8	False	0	0	0
moe-2.4b-8	False	0	0	0
moe-2.4b-8	False	0	0	0
moe-2.4b-8	False	0	0	0
moe-2.4b-8	False	0	0	0
moe-2.4b-8	False	0	0	0
moe-2.4b-8	False	0	0	0
moe-2.4b-8	False	0	0	0
moe-2.4b-8	False	0	0	0
moe-2.4b-8	False	0	0	0
moe-2.4b-8	False	0	0	0
moe-2.4b-8	False	0	0	0
moe-2.4b-8	False	0	0	0
moe-2.4b-8	False	0	0	0
moe-2.4b-8	False	0	0	0
moe-2.4b-8	False	0	0	0
moe-2.4b-8	False	0	0	0
moe-2.4b-8	False	0	0	0
moe-2.4b-8	False	0	0	0
moe-2.4b-8	False	0	0	0
moe-2.4b-8	False	0	0	0
moe-2.4b-8	False	0	0	0
moe-2.4b-8	False	0	0	0
moe-2.4b-8	False	0	0	0
moe-2.4b-8	False	0	0	0
moe-2.4b-8	False	0	0	0
moe-2.4b-8	False	0	0	0
moe-2.4b-8	False	0	0	0
moe-2.4b-8	False	0	0	0
moe-2.4b-8	False	0	0	0
moe-2.4b-8	False	0	0	0
moe-2.4b-8	False	0	0	0
moe-2.4b-8	False	0	0	0
moe-2.4b-8	False	0	0	0
moe-2.4b-8	False	0	0	0
moe-2.4b-8	False	0	0	0
moe-2.4b-8	False	0	0	0
moe-2.4b-8	False	0	0	0
moe-2.4b-8	False	0	0	0
moe-2.4b-8	False	0	0	0
moe-2.4b-8	False	0	0	0
moe-2.4b-8	False	0	0	0
moe-2.4b-8	False	0	0	0
moe-2.4b-8	False	0	0	0
moe-2.4b-8	False	0	0	0
moe-2.4b-8	False	0	0	0
moe-2.4b-8	False	6	6	0
moe-2.4b-8	False	7	7	0
moe-2.4b-8	False	0	0	0
moe-2.4b-8	False	1	0	1
moe-2.4b-8	False	3	3	0
moe-2.4b-8	False	0	0	0
moe-2.4b-8	False	0	0	0
moe-2.4b-8	False	0	0	0
moe-2.4b-8	False	0	0	0
moe-2.4b-8	False	0	0	0
moe-2.4b-8	False	0	0	0
moe-2.4b-8	False	0	0	0
moe-2.4b-8	False	0	0	0
moe-2.4b-8	False	0	0	0
moe-2.4b-8	False	0	0	0
moe-2.4b-8	False	0	0	0
moe-2.4b-8	False	0	0	0
moe-2.4b-8	False	0	0	0
moe-2.4b-8	False	0	0	0
moe-2.4b-8	False	0	0	0
moe-2.4b-8	False	0	0	0
moe-2.4b-8	False	0	0	0
moe-2.4b-8	False	0	0	0
moe-2.4b-8	False	0	0	0
moe-2.4b-8	False	0	0	0
moe-2.4b-8	True	7	3	0
moe-2.4b-8	False	3	7	0
moe-2.4b-8	False	6	6	0
moe-2.4b-8	False	0	0	0
moe-2.4b-8	False	0	0	0
moe-2.4b-8	False	0	0	0
moe-2.4b-8	False	0	0	0
moe-2.4b-8	False	0	0	0
moe-2.4b-8	False	0	0	0
moe-2.4b-8	False	0	0	0
moe-2.4b-8	False	0	0	0
moe-2.4b-8	False	0	0	0
moe-2.4b-8	False	0	0	0
moe-2.4b-8	False	0	0	0
moe-2.4b-8	False	0	0	0
moe-2.4b-8	False	0	0	0
moe-2.4b-8	False	0	0	0
moe-2.4b-8	False	0	0	0
moe-2.4b-8	False	0	0	0
moe-2.4b-8	False	0	0	0
moe-2.4b-8	False	0	0	0
moe-2.4b-8	False	0	0	0
moe-2.4b-8	False	0	0	0
moe-2.4b-8	False	0	0	0
moe-2.4b-8	False	0	0	0
moe-2.4b-8	False	0	0	0
moe-2.4b-8	False	0	0	0
moe-2.4b-8	False	0	0	0
moe-2.4b-8	False	0	0	0
moe-2.4b-8	False	0	0	0
moe-2.4b-8	False	0	0	0
moe-2.4b-8	False	0	0	0
moe-2.4b-8	False	0	0	0
moe-2.4b-8	False	0	0	0
moe-2.4b-8	False	0	0	0
moe-2.4b-8	False	0	0	0
moe-2.4b-8	False	0	0	0
moe-2.4b-8	False	0	0	0
moe-2.4b-8	True	2	0	0
moe-2.4b-8	False	0	2	0
moe-2.4b-8	False	0	0	0
moe-2.4b-8	False	0	0	0
moe-2.4b-8	False	0	0	0
moe-2.4b-8	False	0	0	0
moe-2.4b-8	False	0	0	0
moe-2.4b-8	False	0	0	0
moe-2.4b-8	False	0	0	0
moe-2.4b-8	False	0	0	0
moe-2.4b-8	False	0	0	0
moe-2.4b-8	False	0	0	0
moe-2.4b-8	False	0	0	0
moe-2.4b-8	False	0	0	0
moe-2.4b-8	False	0	0	0
moe-2.4b-8	False	0	0	0
moe-2.4b-8	False	0	0	0
moe-2.4b-8	False	0	0	0
moe-2.4b-8	False	0	0	0
moe-2.4b-8	False	0	0	0
moe-2.4b-8	False	0	0	0
moe-2.4b-8	False	0	0	0
moe-2.4b-8	False	0	0	0
moe-2.4b-8	False	0	0	0
moe-2.4b-8	False	0	0	0
moe-2.4b-8	False	0	0	0
moe-2.4b-8	False	0	0	0
moe-2.4b-8	False	0	0	0
moe-2.4b-8	False	0	0	0
moe-2.4b-8	False	0	0	0
moe-2.4b-8	False	0	0	0
moe-2.4b-8	False	0	0	0
moe-2.4b-8	False	0	0	0
moe-2.4b-8	False	0	0	0
moe-2.4b-8	False	0	0	0
moe-2.4b-8	False	0	0	0
moe-2.4b-8	False	0	0	0
moe-2.4b-8	False	0	0	0
moe-2.4b-8	False	0	0	0
moe-2.4b-8	False	0	0	0
moe-2.4b-8	False	0	0	0
moe-2.4b-8	False	0	0	0
moe-2.4b-8	False	0	0	0
moe-2.4b-8	False	0	0	0
moe-2.4b-8	False	0	0	0
moe-2.4b-8	False	0	0	0
moe-2.4b-8	False	0	0	0
moe-2.4b-8	False	0	0	0
moe-2.4b-8	False	0	0	0
moe-2.4b-8	False	0	0	0
moe-2.4b-8	False	0	0	0
moe-2.4b-8	False	0	0	0
moe-2.4b-8	False	0	0	0
moe-2.4b-8	False	0	0	0
moe-2.4b-8	False	0	0	0
moe-2.4b-8	False	0	0	0
moe-2.4b-8	False	0	0	0
moe-2.4b-8	False	0	0	0
moe-2.4b-8	False	0	0	0
moe-2.4b-8	False	0	0	0
moe-2.4b-8	False	1	1	0
moe-2.4b-8	False	0	0	0
moe-2.4b-8	False	0	0	0
moe-2.4b-8	False	0	0	0
moe-2.4b-8	False	0	0	0
moe-2.4b-8	False	0	0	0
moe-2.4b-8	False	0	0	0
moe-2.4b-8	False	0	0	0
moe-2.4b-8	False	0	0	0
moe-2.4b-8	False	0	0	0
moe-2.4b-8	True	5	0	0
moe-2.4b-8	False	0	5	0
moe-2.4b-8	False	0	0	0
moe-2.4b-8	False	0	0	0
moe-2.4b-8	False	0	0	0
moe-2.4b-8	False	0	0	0
moe-2.4b-8	False	0	0	0
moe-2.4b-8	False	0	0	0
moe-2.4b-8	False	0	0	0
moe-2.4b-8	False	5	5	0
moe-2.4b-8	False	0	0	0
moe-2.4b-8	False	0	0	0
moe-2.4b-8	False	0	0	0
moe-2.4b-8	False	0	0	0
moe-2.4b-8	False	0	0	0
moe-2.4b-8	False	0	0	0
moe-2.4b-8	False	3	3	0
moe-2.4b-8	False	2	2	0
moe-2.4b-8	True	1	0	0
moe-2.4b-8	False	0	1	0
moe-2.4b-8	False	0	0	0
moe-2.4b-8	False	0	0	0
moe-2.4b-8	False	0	0	0
moe-2.4b-8	True	7	5	0
moe-2.4b-8	False	1	3	0
moe-2.4b-8	False	0	0	0
moe-2.4b-8	False	0	0	0
moe-2.4b-8	False	0	0	0
moe-2.4b-8	False	0	0	0
moe-2.4b-8	False	0	0	0
moe-2.4b-8	False	1	1	0
moe-2.4b-8	False	0	0	0
moe-2.4b-8	False	0	0	0
moe-2.4b-8	False	0	0	0
moe-2.4b-8	False	0	0	0
moe-2.4b-8	False	0	0	0
moe-2.4b-8	False	0	0	0
moe-2.4b-8	False	0	0	0
moe-2.4b-8	False	0	0	0
moe-2.4b-8	False	0	0	0
moe-2.4b-8	False	0	0	0
moe-2.4b-8	False	0	0	0
moe-2.4b-8	False	0	0	0
moe-2.4b-8	False	0	0	0
moe-2.4b-8	False	0	0	0
moe-2.4b-8	False	0	0	0
moe-2.4b-8	False	0	0	0
moe-2.4b-8	False	0	0	0
moe-2.4b-8	False	0	0	0
moe-2.4b-8	False	0	0	0
moe-2.4b-8	False	8	2	6
moe-2.4b-8	False	0	0	0
moe-2.4b-8	False	0	0	0
moe-2.4b-8	False	0	0	0
moe-2.4b-8	False	0	0	0
moe-2.4b-8	False	0	0	0
moe-2.4b-8	False	0	0	0
moe-2.4b-8	False	0	0	0
moe-2.4b-8	False	0	0	0
moe-2.4b-8	False	0	0	0
moe-2.4b-8	False	0	0	0
moe-2.4b-8	False	0	0	0
moe-2.4b-8	False	0	0	0
moe-2.4b-8	False	0	0	0
moe-2.4b-8	False	0	0	0
moe-2.4b-8	False	0	0	0
moe-2.4b-8	False	0	0	0
moe-2.4b-8	False	0	0	0
moe-2.4b-8	False	0	0	0
moe-2.4b-8	False	0	0	0
moe-2.4b-8	False	0	0	0
moe-2.4b-8	False	0	0	0
moe-2.4b-8	False	0	0	0
moe-2.4b-8	False	0	0	0
moe-2.4b-8	False	0	0	0
moe-2.4b-8	False	0	0	0
moe-2.4b-8	False	0	0	0
moe-2.4b-8	False	0	0	0
moe-2.4b-8	False	0	0	0
moe-2.4b-8	False	0	0	0
moe-2.4b-8	False	0	0	0
moe-2.4b-8	False	0	0	0
moe-2.4b-8	False	0	0	0
moe-2.4b-8	False	0	0	0
moe-2.4b-8	False	0	0	0
moe-2.4b-8	False	0	0	0
moe-2.4b-8	False	0	0	0
moe-2.4b-8	False	0	0	0
moe-2.4b-8	False	0	0	0
moe-2.4b-8	False	0	0	0
moe-2.4b-8	False	0	0	0
moe-2.4b-8	False	0	0	0
moe-2.4b-8	False	0	0	0
moe-2.4b-8	False	0	0	0
moe-2.4b-8	False	0	0	0
moe-2.4b-8	False	0	0	0
moe-2.4b-8	False	0	0	0
moe-2.4b-8	False	0	0	0
moe-2.4b-8	False	0	0	0
moe-2.4b-8	False	0	0	0
moe-2.4b-8	False	0	0	0
moe-2.4b-8	False	0	0	0
moe-2.4b-8	False	0	0	0
moe-2.4b-8	False	0	0	0
moe-2.4b-8	False	0	0	0
moe-2.4b-8	False	0	0	0
moe-2.4b-8	False	0	0	0
moe-2.4b-8	False	0	0	0
moe-2.4b-8	False	0	0	0
moe-2.4b-8	False	0	0	0
moe-2.4b-8	False	1	1	0
moe-2.4b-8	False	0	0	0
moe-2.4b-8	False	0	0	0
moe-2.4b-8	False	0	0	0
moe-2.4b-8	False	0	0	0
moe-2.4b-8	False	0	0	0
moe-2.4b-8	False	0	0	0
moe-2.4b-8	False	0	0	0
moe-2.4b-8	False	0	0	0
moe-2.4b-8	False	0	0	0
moe-2.4b-8	False	0	0	0
moe-2.4b-8	False	0	0	0
moe-2.4b-8	False	0	0	0
moe-2.4b-8	False	0	0	0
moe-2.4b-8	False	0	0	0
moe-2.4b-8	False	0	0	0
moe-2.4b-8	False	0	0	0
moe-2.4b-8	False	0	0	0
moe-2.4b-8	True	3	0	0
moe-2.4b-8	False	0	3	0
moe-2.4b-8	False	0	0	0
moe-2.4b-8	False	0	0	0
moe-2.4b-8	False	0	0	0
moe-2.4b-8	False	0	0	0
moe-2.4b-8	False	0	0	0
moe-2.4b-8	False	0	0	0
moe-2.4b-8	False	0	0	0
moe-2.4b-8	False	0	0	0
moe-2.4b-8	False	0	0	0
moe-2.4b-8	False	0	0	0
moe-2.4b-8	False	0	0	0
moe-2.4b-8	False	0	0	0
moe-2.4b-8	False	0	0	0
moe-2.4b-8	False	0	0	0
moe-2.4b-8	False	0	0	0
moe-2.4b-8	False	0	0	0
moe-2.4b-8	False	0	0	0
moe-2.4b-8	False	0	0	0
moe-2.4b-8	False	0	0	0
moe-2.4b-8	False	0	0	0
moe-2.4b-8	False	0	0	0
moe-2.4b-8	False	0	0	0
moe-2.4b-8	False	0	0	0
moe-2.4b-8	False	0	0	0
moe-2.4b-8	False	0	0	0
moe-2.4b-8	False	0	0	0
moe-2.4b-8	False	0	0	0
moe-2.4b-8	False	0	0	0
moe-2.4b-8	False	0	0	0
moe-2.4b-8	False	0	0	0
moe-2.4b-8	False	0	0	0
moe-2.4b-8	False	0	0	0
moe-2.4b-8	False	0	0	0
moe-2.4b-8	False	0	0	0
moe-2.4b-8	False	0	0	0
moe-2.4b-8	False	0	0	0
moe-2.4b-8	False	0	0	0
moe-2.4b-8	False	0	0	0
moe-2.4b-8	False	0	0	0
moe-2.4b-8	False	0	0	0
moe-2.4b-8	False	0	0	0
moe-2.4b-8	False	0	0	0
moe-2.4b-8	False	0	0	0
moe-2.4b-8	False	0	0	0
moe-2.4b-8	False	0	0	0
moe-2.4b-8	False	0	0	0
moe-2.4b-8	False	0	0	0
moe-2.4b-8	False	0	0	0
moe-2.4b-8	False	0	0	0
moe-2.4b-8	False	0	0	0
moe-2.4b-8	False	0	0	0
moe-2.4b-8	False	0	0	0
moe-2.4b-8	False	0	0	0
moe-2.4b-8	False	0	0	0
moe-2.4b-8	False	0	0	0
moe-2.4b-8	False	0	0	0
moe-2.4b-8	False	0	0	0
moe-2.4b-8	False	0	0	0
moe-2.4b-8	False	0	0	0
moe-2.4b-8	False	0	0	0
moe-2.4b-8	False	0	0	0
moe-2.4b-8	False	0	0	0
moe-2.4b-8	False	0	0	0
moe-2.4b-8	False	0	0	0
moe-2.4b-8	False	0	0	0
moe-2.4b-8	False	0	0	0
moe-2.4b-8	False	0	0	0
moe-2.4b-8	False	0	0	0
moe-2.4b-8	False	0	0	0
moe-2.4b-8	False	0	0	0
moe-2.4b-8	False	0	0	0
moe-2.4b-8	False	0	0	0
moe-2.4b-8	False	0	0	0
moe-2.4b-8	False	0	0	0
moe-2.4b-8	False	0	0	0
moe-2.4b-8	False	0	0	0
moe-2.4b-8	False	0	0	0
moe-2.4b-8	False	0	0	0
moe-2.4b-8	False	0	0	0
moe-2.4b-8	False	0	0	0
moe-2.4b-8	False	0	0	0
moe-2.4b-8	False	0	0	0
moe-2.4b-8	False	0	0	0
moe-2.4b-8	False	0	0	0
moe-2.4b-8	False	0	0	0
moe-2.4b-8	False	0	0	0
moe-2.4b-8	False	0	0	0
moe-2.4b-8	False	0	0	0
moe-2.4b-8	False	0	0	0
moe-2.4b-8	False	0	0	0
moe-2.4b-8	False	0	0	0
moe-2.4b-8	False	0	0	0
moe-2.4b-8	False	0	0	0
moe-2.4b-8	False	6	6	0
moe-2.4b-8	False	0	0	0
moe-2.4b-8	False	0	0	0
moe-2.4b-8	False	0	0	0
moe-2.4b-8	False	0	0	0
moe-2.4b-8	False	0	0	0
moe-2.4b-8	False	0	0	0
moe-2.4b-8	True	7	2	2
moe-2.4b-8	False	0	3	0
moe-2.4b-8	False	0	0	0
moe-2.4b-8	False	0	0	0
moe-2.4b-8	False	0	0	0
moe-2.4b-8	False	0	0	0
moe-2.4b-8	False	0	0	0
moe-2.4b-8	False	0	0	0
moe-2.4b-8	False	0	0	0
moe-2.4b-8	False	0	0	0
moe-2.4b-8	False	0	0	0
moe-2.4b-8	False	0	0	0
moe-2.4b-8	False	0	0	0
moe-2.4b-8	False	0	0	0
moe-2.4b-8	False	0	0	0
moe-2.4b-8	False	0	0	0
moe-2.4b-8	False	0	0	0
moe-2.4b-8	False	0	0	0
moe-2.4b-8	False	0	0	0
moe-2.4b-8	False	0	0	0
moe-2.4b-8	False	0	0	0
moe-2.4b-8	False	0	0	0
moe-2.4b-8	False	0	0	0
moe-2.4b-8	False	0	0	0
moe-2.4b-8	False	0	0	0
moe-2.4b-8	False	0	0	0
moe-2.4b-8	False	0	0	0
moe-2.4b-8	False	0	0	0
moe-2.4b-8	False	0	0	0
moe-2.4b-8	False	0	0	0
moe-2.4b-8	False	0	0	0
moe-2.4b-8	False	0	0	0
moe-2.4b-8	False	0	0	0
moe-2.4b-8	False	0	0	0
moe-2.4b-8	False	0	0	0
moe-2.4b-8	False	0	0	0
moe-2.4b-8	False	0	0	0
moe-2.4b-8	False	0	0	0
moe-2.4b-8	False	0	0	0
moe-2.4b-8	False	0	0	0
moe-2.4b-8	False	0	0	0
moe-2.4b-8	False	0	0	0
moe-2.4b-8	False	0	0	0
moe-2.4b-8	False	0	0	0
moe-2.4b-8	False	0	0	0
moe-2.4b-8	False	0	0	0
moe-2.4b-8	False	0	0	0
moe-2.4b-8	False	0	0	0
moe-2.4b-8	False	0	0	0
moe-2.4b-8	False	0	0	0
moe-2.4b-8	False	0	0	0
moe-2.4b-8	False	0	0	0
moe-2.4b-8	False	0	0	0
moe-2.4b-8	False	0	0	0
moe-2.4b-8	False	0	0	0
moe-2.4b-8	False	0	0	0
moe-2.4b-8	False	0	0	0
moe-2.4b-8	False	0	0	0
moe-2.4b-8	False	0	0	0
moe-2.4b-8	False	0	0	0
moe-2.4b-8	False	5	1	4
moe-2.4b-8	False	0	0	0
moe-2.4b-8	False	0	0	0
moe-2.4b-8	False	0	0	0
moe-2.4b-8	False	0	0	0
moe-2.4b-8	False	0	0	0
moe-2.4b-8	False	0	0	0
moe-2.4b-8	False	0	0	0
moe-2.4b-8	False	0	0	0
moe-2.4b-8	False	0	0	0
moe-2.4b-8	False	0	0	0
moe-2.4b-8	False	0	0	0
moe-2.4b-8	False	0	0	0
moe-2.4b-8	False	0	0	0
moe-2.4b-8	False	0	0	0
moe-2.4b-8	False	0	0	0
moe-2.4b-8	False	0	0	0
moe-2.4b-8	False	0	0	0
moe-2.4b-8	False	0	0	0
moe-2.4b-8	False	0	0	0
moe-2.4b-8	False	0	0	0
moe-2.4b-8	False	0	0	0
moe-2.4b-8	False	0	0	0
moe-2.4b-8	False	0	0	0
moe-2.4b-8	False	0	0	0
moe-2.4b-8	False	0	0	0
moe-2.4b-8	False	0	0	0
moe-2.4b-8	False	0	0	0
moe-2.4b-8	False	0	0	0
moe-2.4b-8	False	0	0	0
moe-2.4b-8	False	0	0	0
moe-2.4b-8	False	0	0	0
moe-2.4b-8	False	0	0	0
moe-2.4b-8	False	0	0	0
moe-2.4b-8	False	0	0	0
moe-2.4b-8	False	0	0	0
moe-2.4b-8	False	0	0	0
moe-2.4b-8	False	0	0	0
moe-2.4b-8	False	0	0	0
moe-2.4b-8	False	0	0	0
moe-2.4b-8	False	0	0	0
moe-2.4b-8	False	0	0	0
moe-2.4b-8	False	0	0	0
moe-2.4b-8	False	0	0	0
moe-2.4b-8	False	0	0	0
moe-2.4b-8	False	0	0	0
moe-2.4b-8	False	0	0	0
moe-2.4b-8	False	0	0	0
moe-2.4b-8	False	0	0	0
moe-2.4b-8	False	0	0	0
moe-2.4b-8	False	0	0	0
moe-2.4b-8	False	3	3	0
moe-2.4b-8	False	0	0	0
moe-2.4b-8	False	0	0	0
moe-2.4b-8	False	0	0	0
moe-2.4b-8	False	0	0	0
moe-2.4b-8	False	0	0	0
moe-2.4b-8	False	0	0	0
moe-2.4b-8	False	0	0	0
moe-2.4b-8	False	0	0	0
moe-2.4b-8	True	2	1	0
moe-2.4b-8	False	0	1	0
moe-2.4b-8	False	0	0	0
moe-2.4b-8	False	0	0	0
moe-2.4b-8	False	0	0	0
moe-2.4b-8	False	0	0	0
moe-2.4b-8	False	0	0	0
moe-2.4b-8	False	0	0	0
moe-2.4b-8	False	0	0	0
moe-2.4b-8	False	0	0	0
moe-2.4b-8	False	0	0	0
moe-2.4b-8	False	0	0	0
moe-2.4b-8	False	0	0	0
moe-2.4b-8	False	0	0	0
moe-2.4b-8	False	0	0	0
moe-2.4b-8	False	0	0	0
moe-2.4b-8	False	0	0	0
moe-2.4b-8	False	0	0	0
moe-2.4b-8	False	0	0	0
moe-2.4b-8	False	0	0	0
moe-2.4b-8	False	0	0	0
moe-2.4b-8	False	0	0	0
moe-2.4b-8	False	0	0	0
moe-2.4b-8	False	0	0	0
moe-2.4b-8	False	0	0	0
moe-2.4b-8	False	0	0	0
moe-2.4b-8	False	0	0	0
moe-2.4b-8	False	0	0	0
moe-2.4b-8	False	0	0	0
moe-2.4b-8	False	0	0	0
moe-2.4b-8	False	0	0	0
moe-2.4b-8	False	0	0	0
moe-2.4b-8	False	0	0	0
moe-2.4b-8	False	0	0	0
moe-2.4b-8	False	0	0	0
moe-2.4b-8	False	0	0	0
moe-2.4b-8	False	0	0	0
moe-2.4b-8	False	0	0	0
moe-2.4b-8	False	0	0	0
moe-2.4b-8	False	0	0	0
moe-2.4b-8	False	0	0	0
moe-2.4b-8	False	0	0	0
moe-2.4b-8	False	0	0	0
moe-2.4b-8	False	0	0	0
moe-2.4b-8	False	0	0	0
moe-2.4b-8	False	0	0	0
moe-2.4b-8	False	0	0	0
moe-2.4b-8	False	0	0	0
moe-2.4b-8	False	0	0	0
moe-2.4b-8	False	0	0	0
moe-2.4b-8	False	0	0	0
moe-2.4b-8	False	0	0	0
moe-2.4b-8	False	0	0	0
moe-2.4b-8	False	0	0	0
moe-2.4b-8	False	0	0	0
moe-2.4b-8	False	0	0	0
moe-2.4b-8	False	0	0	0
moe-2.4b-8	False	0	0	0
moe-2.4b-8	False	0	0	0
moe-2.4b-8	False	0	0	0
moe-2.4b-8	False	1	1	0
moe-2.4b-8	False	0	0	0
moe-2.4b-8	False	0	0	0
moe-2.4b-8	False	0	0	0
moe-2.4b-8	True	6	0	0
moe-2.4b-8	False	0	6	0
moe-2.4b-8	False	0	0	0
moe-2.4b-8	False	0	0	0
moe-2.4b-8	False	0	0	0
moe-2.4b-8	False	0	0	0
moe-2.4b-8	False	1	1	0
moe-2.4b-8	False	0	0	0
moe-2.4b-8	False	0	0	0
moe-2.4b-8	False	0	0	0
moe-2.4b-8	False	0	0	0
moe-2.4b-8	False	0	0	0
moe-2.4b-8	False	0	0	0
moe-2.4b-8	False	0	0	0
moe-2.4b-8	False	0	0	0
moe-2.4b-8	False	0	0	0
moe-2.4b-8	False	0	0	0
moe-2.4b-8	False	0	0	0
moe-2.4b-8	False	0	0	0
moe-2.4b-8	False	0	0	0
moe-2.4b-8	False	0	0	0
moe-2.4b-8	False	0	0	0
moe-2.4b-8	False	0	0	0
moe-2.4b-8	False	0	0	0
moe-2.4b-8	False	0	0	0
moe-2.4b-8	False	0	0	0
moe-2.4b-8	False	0	0	0
moe-2.4b-8	False	0	0	0
moe-2.4b-8	False	0	0	0
moe-2.4b-8	False	0	0	0
moe-2.4b-8	False	0	0	0
moe-2.4b-8	False	0	0	0
moe-2.4b-8	False	0	0	0
moe-2.4b-8	False	0	0	0
moe-2.4b-8	False	0	0	0
moe-2.4b-8	False	0	0	0
moe-2.4b-8	False	0	0	0
moe-2.4b-8	False	0	0	0
moe-2.4b-8	False	0	0	0
moe-2.4b-8	False	0	0	0
moe-2.4b-8	False	0	0	0
moe-2.4b-8	False	0	0	0
moe-2.4b-8	False	0	0	0
moe-2.4b-8	False	0	0	0
moe-2.4b-8	False	0	0	0
moe-2.4b-8	False	0	0	0
moe-2.4b-8	False	0	0	0
moe-2.4b-8	False	0	0	0
moe-2.4b-8	False	0	0	0
moe-2.4b-8	False	2	2	0
moe-2.4b-8	False	0	0	0
moe-2.4b-8	False	0	0	0
moe-2.4b-8	False	0	0	0
moe-2.4b-8	True	3	1	0
moe-2.4b-8	False	0	2	0
moe-2.4b-8	False	0	0	0
moe-2.4b-8	False	0	0	0
moe-2.4b-8	False	0	0	0
moe-2.4b-8	False	0	0	0
moe-2.4b-8	False	0	0	0
moe-2.4b-8	False	0	0	0
moe-2.4b-8	False	0	0	0
moe-2.4b-8	False	0	0	0
moe-2.4b-8	False	0	0	0
moe-2.4b-8	False	0	0	0
moe-2.4b-8	False	0	0	0
moe-2.4b-8	False	0	0	0
moe-2.4b-8	False	0	0	0
moe-2.4b-8	False	0	0	0
moe-2.4b-8	False	0	0	0
moe-2.4b-8	False	0	0	0
moe-2.4b-8	False	0	0	0
moe-2.4b-8	False	0	0	0
moe-2.4b-8	False	0	0	0
moe-2.4b-8	False	0	0	0
moe-2.4b-8	False	0	0	0
moe-2.4b-8	False	0	0	0
moe-2.4b-8	False	0	0	0
moe-2.4b-8	False	0	0	0
moe-2.4b-8	False	0	0	0
moe-2.4b-8	False	0	0	0
moe-2.4b-8	False	0	0	0
moe-2.4b-8	False	0	0	0
moe-2.4b-8	False	0	0	0
moe-2.4b-8	False	0	0	0
moe-2.4b-8	False	0	0	0
moe-2.4b-8	False	0	0	0
moe-2.4b-8	False	0	0	0
moe-2.4b-8	False	0	0	0
moe-2.4b-8	False	0	0	0
moe-2.4b-8	False	0	0	0
moe-2.4b-8	False	0	0	0
moe-2.4b-8	False	0	0	0
moe-2.4b-8	False	0	0	0
moe-2.4b-8	False	0	0	0
moe-2.4b-8	False	0	0	0
moe-2.4b-8	False	0	0	0
moe-2.4b-8	False	0	0	0
moe-2.4b-8	False	0	0	0
moe-2.4b-8	False	0	0	0
moe-2.4b-8	False	0	0	0
moe-2.4b-8	False	0	0	0
moe-2.4b-8	False	5	5	0
moe-2.4b-8	False	4	4	0
moe-2.4b-8	False	0	0	0
moe-2.4b-8	False	0	0	0
moe-2.4b-8	False	0	0	0
moe-2.4b-8	False	0	0	0
moe-2.4b-8	False	0	0	0
moe-2.4b-8	False	0	0	0
moe-2.4b-8	False	0	0	0
moe-2.4b-8	False	0	0	0
moe-2.4b-8	False	2	2	0
moe-2.4b-8	False	2	2	0
moe-2.4b-8	False	0	0	0
moe-2.4b-8	False	0	0	0
moe-2.4b-8	False	0	0	0
moe-2.4b-8	False	0	0	0
moe-2.4b-8	False	1	1	0
moe-2.4b-8	False	0	0	0
moe-2.4b-8	False	0	0	0
moe-2.4b-8	False	0	0	0
moe-2.4b-8	False	0	0	0
moe-2.4b-8	False	0	0	0
moe-2.4b-8	False	0	0	0
moe-2.4b-8	False	0	0	0
moe-2.4b-8	False	0	0	0
moe-2.4b-8	False	0	0	0
moe-2.4b-8	False	0	0	0
moe-2.4b-8	False	0	0	0
moe-2.4b-8	False	0	0	0
moe-2.4b-8	False	0	0	0
moe-2.4b-8	False	0	0	0
moe-2.4b-8	False	0	0	0
moe-2.4b-8	False	0	0	0
moe-2.4b-8	False	0	0	0
moe-2.4b-8	False	0	0	0
moe-2.4b-8	False	4	4	0
moe-2.4b-8	False	0	0	0
moe-2.4b-8	False	0	0	0
moe-2.4b-8	False	0	0	0
moe-2.4b-8	False	0	0	0
moe-2.4b-8	False	0	0	0
moe-2.4b-8	False	0	0	0
moe-2.4b-8	False	0	0	0
moe-2.4b-8	False	0	0	0
moe-2.4b-8	False	0	0	0
moe-2.4b-8	False	0	0	0
moe-2.4b-8	False	0	0	0
moe-2.4b-8	False	0	0	0
moe-2.4b-8	False	0	0	0
moe-2.4b-8	False	0	0	0
moe-2.4b-8	False	0	0	0
moe-2.4b-8	False	0	0	0
moe-2.4b-8	False	0	0	0
moe-2.4b-8	False	0	0	0
moe-2.4b-8	False	0	0	0
moe-2.4b-8	False	0	0	0
moe-2.4b-8	False	0	0	0
moe-2.4b-8	False	0	0	0
moe-2.4b-8	False	0	0	0
moe-2.4b-8	False	0	0	0
moe-2.4b-8	False	0	0	0
moe-2.4b-8	False	0	0	0
moe-2.4b-8	False	0	0	0
moe-2.4b-8	False	0	0	0
moe-2.4b-8	False	0	0	0
moe-2.4b-8	False	0	0	0
moe-2.4b-8	False	0	0	0
moe-2.4b-8	False	0	0	0
moe-2.4b-8	False	0	0	0
moe-2.4b-8	False	0	0	0
moe-2.4b-8	False	0	0	0
moe-2.4b-8	False	0	0	0
moe-2.4b-8	False	0	0	0
moe-2.4b-8	False	0	0	0
moe-2.4b-8	False	0	0	0
moe-2.4b-8	False	0	0	0
moe-2.4b-8	False	0	0	0
moe-2.4b-8	False	0	0	0
moe-2.4b-8	False	0	0	0
moe-2.4b-8	False	0	0	0
moe-2.4b-8	False	0	0	0
moe-2.4b-8	False	0	0	0
moe-2.4b-8	False	0	0	0
moe-2.4b-8	False	0	0	0
moe-2.4b-8	False	0	0	0
moe-2.4b-8	False	0	0	0
moe-2.4b-8	False	0	0	0
moe-2.4b-8	False	0	0	0
moe-2.4b-8	False	0	0	0
moe-2.4b-8	False	0	0	0
moe-2.4b-8	False	0	0	0
moe-2.4b-8	False	0	0	0
moe-2.4b-8	False	0	0	0
moe-2.4b-8	False	0	0	0
moe-2.4b-8	False	1	1	0
moe-2.4b-8	False	0	0	0
moe-2.4b-8	False	0	0	0
moe-2.4b-8	False	0	0	0
moe-2.4b-8	False	0	0	0
moe-2.4b-8	False	0	0	0
moe-2.4b-8	False	0	0	0
moe-2.4b-8	False	0	0	0
moe-2.4b-8	True	1	0	0
moe-2.4b-8	False	0	1	0
moe-2.4b-8	False	0	0	0
moe-2.4b-8	False	0	0	0
moe-2.4b-8	False	0	0	0
moe-2.4b-8	False	0	0	0
moe-2.4b-8	False	0	0	0
moe-2.4b-8	False	0	0	0
moe-2.4b-8	False	0	0	0
moe-2.4b-8	False	0	0	0
moe-2.4b-8	False	0	0	0
moe-2.4b-8	False	0	0	0
moe-2.4b-8	False	0	0	0
moe-2.4b-8	False	0	0	0
moe-2.4b-8	True	7	1	0
moe-2.4b-8	True	2	7	0
moe-2.4b-8	False	0	1	0
moe-2.4b-8	False	0	0	0
moe-2.4b-8	False	0	0	0
moe-2.4b-8	False	0	0	0
moe-2.4b-8	False	0	0	0
moe-2.4b-8	False	0	0	0
moe-2.4b-8	False	0	0	0
moe-2.4b-8	False	0	0	0
moe-2.4b-8	False	0	0	0
moe-2.4b-8	True	5	0	0
moe-2.4b-8	True	19	17	0
moe-2.4b-8	False	0	7	0
moe-2.4b-8	False	0	0	0
moe-2.4b-8	False	0	0	0
moe-2.4b-8	False	0	0	0
moe-2.4b-8	False	0	0	0
moe-2.4b-8	False	1	1	0
moe-2.4b-8	False	0	0	0
moe-2.4b-8	False	0	0	0
moe-2.4b-8	False	0	0	0
moe-2.4b-8	False	0	0	0
moe-2.4b-8	False	0	0	0
moe-2.4b-8	False	0	0	0
moe-2.4b-8	False	0	0	0
moe-2.4b-8	False	0	0	0
moe-2.4b-8	False	0	0	0
moe-2.4b-8	False	0	0	0
moe-2.4b-8	False	0	0	0
moe-2.4b-8	False	0	0	0
moe-2.4b-8	False	0	0	0
moe-2.4b-8	False	0	0	0
moe-2.4b-8	False	0	0	0
moe-2.4b-8	False	0	0	0
moe-2.4b-8	False	0	0	0
moe-2.4b-8	False	0	0	0
moe-2.4b-8	False	0	0	0
moe-2.4b-8	False	0	0	0
moe-2.4b-8	False	0	0	0
moe-2.4b-8	False	4	4	0
moe-2.4b-8	False	0	0	0
moe-2.4b-8	True	1	0	0
moe-2.4b-8	False	1	2	0
moe-2.4b-8	False	0	0	0
moe-2.4b-8	False	0	0	0
moe-2.4b-8	False	0	0	0
moe-2.4b-8	False	0	0	0
moe-2.4b-8	False	11	11	0
moe-2.4b-8	False	0	0	0
moe-2.4b-8	False	0	0	0
moe-2.4b-8	False	0	0	0
moe-2.4b-8	False	0	0	0
moe-2.4b-8	False	0	0	0
moe-2.4b-8	False	0	0	0
moe-2.4b-8	False	0	0	0
moe-2.4b-8	False	0	0	0
moe-2.4b-8	False	0	0	0
moe-2.4b-8	False	0	0	0
moe-2.4b-8	False	0	0	0
moe-2.4b-8	False	0	0	0
moe-2.4b-8	False	0	0	0
moe-2.4b-8	False	0	0	0
moe-2.4b-8	False	0	0	0
moe-2.4b-8	False	0	0	0
moe-2.4b-8	False	0	0	0
moe-2.4b-8	False	0	0	0
moe-2.4b-8	False	0	0	0
moe-2.4b-8	False	0	0	0
moe-2.4b-8	False	1	1	0
moe-2.4b-8	False	0	0	0
moe-2.4b-8	False	0	0	0
moe-2.4b-8	False	0	0	0
moe-2.4b-8	False	0	0	0
moe-2.4b-8	False	0	0	0
moe-2.4b-8	False	1	1	0
moe-2.4b-8	True	5	2	0
moe-2.4b-8	False	0	3	0
moe-2.4b-8	False	3	3	0
moe-2.4b-8	False	0	0	0
moe-2.4b-8	False	0	0	0
moe-2.4b-8	False	0	0	0
moe-2.4b-8	False	0	0	0
moe-2.4b-8	False	0	0	0
moe-2.4b-8	False	0	0	0
moe-2.4b-8	False	0	0	0
moe-2.4b-8	False	0	0	0
moe-2.4b-8	False	0	0	0
moe-2.4b-8	False	0	0	0
moe-2.4b-8	False	0	0	0
moe-2.4b-8	False	0	0	0
moe-2.4b-8	False	0	0	0
moe-2.4b-8	False	0	0	0
moe-2.4b-8	False	0	0	0
moe-2.4b-8	False	0	0	0
moe-2.4b-8	False	0	0	0
moe-2.4b-8	False	0	0	0
moe-2.4b-8	False	0	0	0
moe-2.4b-8	False	0	0	0
moe-2.4b-8	False	0	0	0
moe-2.4b-8	False	0	0	0
moe-2.4b-8	False	0	0	0
moe-2.4b-8	False	0	0	0
moe-2.4b-8	False	0	0	0
moe-2.4b-8	False	0	0	0
moe-2.4b-8	False	0	0	0
moe-2.4b-8	False	0	0	0
moe-2.4b-8	False	0	0	0
moe-2.4b-8	False	0	0	0
moe-2.4b-8	False	0	0	0
moe-2.4b-8	False	0	0	0
moe-2.4b-8	False	0	0	0
moe-2.4b-8	False	0	0	0
moe-2.4b-8	False	0	0	0
moe-2.4b-8	False	0	0	0
moe-2.4b-8	False	0	0	0
moe-2.4b-8	False	0	0	0
moe-2.4b-8	False	0	0	0
moe-2.4b-8	False	0	0	0
moe-2.4b-8	False	0	0	0
moe-2.4b-8	False	0	0	0
moe-2.4b-8	False	0	0	0
moe-2.4b-8	False	0	0	0
moe-2.4b-8	False	0	0	0
moe-2.4b-8	False	0	0	0
moe-2.4b-8	False	0	0	0
moe-2.4b-8	False	0	0	0
moe-2.4b-8	False	0	0	0
moe-2.4b-8	False	0	0	0
moe-2.4b-8	False	2	2	0
moe-2.4b-8	False	0	0	0
moe-2.4b-8	True	6	4	0
moe-2.4b-8	False	0	2	0
moe-2.4b-8	False	0	0	0
moe-2.4b-8	False	0	0	0
moe-2.4b-8	False	0	0	0
moe-2.4b-8	False	0	0	0
moe-2.4b-8	False	0	0	0
moe-2.4b-8	True	6	3	0
moe-2.4b-8	False	0	3	0
moe-2.4b-8	False	0	0	0
moe-2.4b-8	False	0	0	0
moe-2.4b-8	False	0	0	0
moe-2.4b-8	False	0	0	0
moe-2.4b-8	False	0	0	0
moe-2.4b-8	False	0	0	0
moe-2.4b-8	False	0	0	0
moe-2.4b-8	False	0	0	0
moe-2.4b-8	False	0	0	0
moe-2.4b-8	False	0	0	0
moe-2.4b-8	False	0	0	0
moe-2.4b-8	False	0	0	0
moe-2.4b-8	False	0	0	0
moe-2.4b-8	False	0	0	0
moe-2.4b-8	False	0	0	0
moe-2.4b-8	False	0	0	0
moe-2.4b-8	False	0	0	0
moe-2.4b-8	False	0	0	0
moe-2.4b-8	False	0	0	0
moe-2.4b-8	False	0	0	0
moe-2.4b-8	False	0	0	0
moe-2.4b-8	False	0	0	0
moe-2.4b-8	False	0	0	0
moe-2.4b-8	False	0	0	0
moe-2.4b-8	False	0	0	0
moe-2.4b-8	False	0	0	0
moe-2.4b-8	False	0	0	0
moe-2.4b-8	False	0	0	0
moe-2.4b-8	False	0	0	0
moe-2.4b-8	False	0	0	0
moe-2.4b-8	False	0	0	0
moe-2.4b-8	False	0	0	0
moe-2.4b-8	False	0	0	0
moe-2.4b-8	False	0	0	0
moe-2.4b-8	False	0	0	0
moe-2.4b-8	False	0	0	0
moe-2.4b-8	False	0	0	0
moe-2.4b-8	False	0	0	0
moe-2.4b-8	False	0	0	0
moe-2.4b-8	False	0	0	0
moe-2.4b-8	False	0	0	0
moe-2.4b-8	False	0	0	0
moe-2.4b-8	False	0	0	0
moe-2.4b-8	False	0	0	0
moe-2.4b-8	False	0	0	0
moe-2.4b-8	False	0	0	0
moe-2.4b-8	False	0	0	0
moe-2.4b-8	False	0	0	0
moe-2.4b-8	False	0	0	0
moe-2.4b-8	False	0	0	0
moe-2.4b-8	False	0	0	0
moe-2.4b-8	False	0	0	0
moe-2.4b-8	False	0	0	0
moe-2.4b-8	False	0	0	0
moe-2.4b-8	False	0	0	0
moe-2.4b-8	False	0	0	0
moe-2.4b-8	False	0	0	0
moe-2.4b-8	False	0	0	0
moe-2.4b-8	False	4	1	3
moe-2.4b-8	False	0	0	0
moe-2.4b-8	False	0	0	0
moe-2.4b-8	False	0	0	0
moe-2.4b-8	False	0	0	0
moe-2.4b-8	False	0	0	0
moe-2.4b-8	False	0	0	0
moe-2.4b-8	False	0	0	0
moe-2.4b-8	False	0	0	0
moe-2.4b-8	False	0	0	0
moe-2.4b-8	False	0	0	0
moe-2.4b-8	False	0	0	0
moe-2.4b-8	False	0	0	0
moe-2.4b-8	False	0	0	0
moe-2.4b-8	False	0	0	0
moe-2.4b-8	False	0	0	0
moe-2.4b-8	False	0	0	0
moe-2.4b-8	False	0	0	0
moe-2.4b-8	False	0	0	0
moe-2.4b-8	False	0	0	0
moe-2.4b-8	False	0	0	0
moe-2.4b-8	False	0	0	0
moe-2.4b-8	False	0	0	0
moe-2.4b-8	False	0	0	0
moe-2.4b-8	False	0	0	0
moe-2.4b-8	False	0	0	0
moe-2.4b-8	False	0	0	0
moe-2.4b-8	False	6	6	0
moe-2.4b-8	False	0	0	0
moe-2.4b-8	False	0	0	0
moe-2.4b-8	False	0	0	0
moe-2.4b-8	False	0	0	0
moe-2.4b-8	False	0	0	0
moe-2.4b-8	False	0	0	0
moe-2.4b-8	False	0	0	0
moe-2.4b-8	False	0	0	0
moe-2.4b-8	False	0	0	0
moe-2.4b-8	False	0	0	0
moe-2.4b-8	False	0	0	0
moe-2.4b-8	False	0	0	0
moe-2.4b-8	False	0	0	0
moe-2.4b-8	False	0	0	0
moe-2.4b-8	False	0	0	0
moe-2.4b-8	True	1	0	0
moe-2.4b-8	False	10	11	0
moe-2.4b-8	False	5	5	0
moe-2.4b-8	False	1	1	0
moe-2.4b-8	False	0	0	0
moe-2.4b-8	False	3	3	0
moe-2.4b-8	False	0	0	0
moe-2.4b-8	False	0	0	0
moe-2.4b-8	False	0	0	0
moe-2.4b-8	False	0	0	0
moe-2.4b-8	False	0	0	0
moe-2.4b-8	False	0	0	0
moe-2.4b-8	False	0	0	0
moe-2.4b-8	False	0	0	0
moe-2.4b-8	False	0	0	0
moe-2.4b-8	False	0	0	0
moe-2.4b-8	True	2	0	0
moe-2.4b-8	False	3	2	3
moe-2.4b-8	False	0	0	0
moe-2.4b-8	False	0	0	0
moe-2.4b-8	False	0	0	0
moe-2.4b-8	False	0	0	0
moe-2.4b-8	False	0	0	0
moe-2.4b-8	False	0	0	0
moe-2.4b-8	False	0	0	0
moe-2.4b-8	True	7	2	0
moe-2.4b-8	True	2	5	0
moe-2.4b-8	False	0	2	0
moe-2.4b-8	False	0	0	0
moe-2.4b-8	False	3	3	0
moe-2.4b-8	False	0	0	0
moe-2.4b-8	False	0	0	0
moe-2.4b-8	False	0	0	0
moe-2.4b-8	False	0	0	0
moe-2.4b-8	False	0	0	0
moe-2.4b-8	False	0	0	0
moe-2.4b-8	True	15	12	0
moe-2.4b-8	False	0	3	0
moe-2.4b-8	False	0	0	0
moe-2.4b-8	True	6	4	0
moe-2.4b-8	False	5	7	0
moe-2.4b-8	False	1	1	0
moe-2.4b-8	False	1	1	0
moe-2.4b-8	False	0	0	0
moe-2.4b-8	False	0	0	0
moe-2.4b-8	False	0	0	0
moe-2.4b-8	False	0	0	0
moe-2.4b-8	False	0	0	0
moe-2.4b-8	False	0	0	0
moe-2.4b-8	False	0	0	0
moe-2.4b-8	False	0	0	0
moe-2.4b-8	False	0	0	0
moe-2.4b-8	False	0	0	0
moe-2.4b-8	False	0	0	0
moe-2.4b-8	False	0	0	0
moe-2.4b-8	False	0	0	0
moe-2.4b-8	False	0	0	0
moe-2.4b-8	False	0	0	0
moe-2.4b-8	False	0	0	0
moe-2.4b-8	False	0	0	0
moe-2.4b-8	False	0	0	0
moe-2.4b-8	False	0	0	0
moe-2.4b-8	False	0	0	0
moe-2.4b-8	False	0	0	0
moe-2.4b-8	False	0	0	0
moe-2.4b-8	False	0	0	0
moe-2.4b-8	False	0	0	0
moe-2.4b-8	False	0	0	0
moe-2.4b-8	False	0	0	0
moe-2.4b-8	False	0	0	0
moe-2.4b-8	False	0	0	0
moe-2.4b-8	False	0	0	0
moe-2.4b-8	False	0	0	0
moe-2.4b-8	False	0	0	0
moe-2.4b-8	False	0	0	0
moe-2.4b-8	False	0	0	0
moe-2.4b-8	False	0	0	0
moe-2.4b-8	False	2	2	0
moe-2.4b-8	False	0	0	0
moe-2.4b-8	False	0	0	0
moe-2.4b-8	False	0	0	0
moe-2.4b-8	False	0	0	0
moe-2.4b-8	False	0	0	0
moe-2.4b-8	False	0	0	0
moe-2.4b-8	False	0	0	0
moe-2.4b-8	False	0	0	0
moe-2.4b-8	False	0	0	0
moe-2.4b-8	False	0	0	0
moe-2.4b-8	False	0	0	0
moe-2.4b-8	False	0	0	0
moe-2.4b-8	False	0	0	0
moe-2.4b-8	False	0	0	0
moe-2.4b-8	False	0	0	0
moe-2.4b-8	False	0	0	0
moe-2.4b-8	False	0	0	0
moe-2.4b-8	False	0	0	0
moe-2.4b-8	False	0	0	0
moe-2.4b-8	False	0	0	0
moe-2.4b-8	False	0	0	0
moe-2.4b-8	False	0	0	0
moe-2.4b-8	False	0	0	0
moe-2.4b-8	False	0	0	0
moe-2.4b-8	False	0	0	0
moe-2.4b-8	False	0	0	0
moe-2.4b-8	False	0	0	0
moe-2.4b-8	False	0	0	0
moe-2.4b-8	False	0	0	0
moe-2.4b-8	False	0	0	0
moe-2.4b-8	False	0	0	0
moe-2.4b-8	False	0	0	0
moe-2.4b-8	False	0	0	0
moe-2.4b-8	False	0	0	0
moe-2.4b-8	False	0	0	0
moe-2.4b-8	False	0	0	0
moe-2.4b-8	False	0	0	0
moe-2.4b-8	False	0	0	0
moe-2.4b-8	False	0	0	0
moe-2.4b-8	False	0	0	0
moe-2.4b-8	False	0	0	0
moe-2.4b-8	False	0	0	0
moe-2.4b-8	False	0	0	0
moe-2.4b-8	False	0	0	0
moe-2.4b-8	False	0	0	0
moe-2.4b-8	False	0	0	0
moe-2.4b-8	False	0	0	0
moe-2.4b-8	False	0	0	0
moe-2.4b-8	False	0	0	0
moe-2.4b-8	False	0	0	0
moe-2.4b-8	False	0	0	0
moe-2.4b-8	False	0	0	0
moe-2.4b-8	False	0	0	0
moe-2.4b-8	False	0	0	0
moe-2.4b-8	False	0	0	0
moe-2.4b-8	False	0	0	0
moe-2.4b-8	False	0	0	0
moe-2.4b-8	False	0	0	0
moe-2.4b-8	False	0	0	0
moe-2.4b-8	True	9	1	6
moe-2.4b-8	False	0	2	0
moe-2.4b-8	True	3	0	0
moe-2.4b-8	False	1	4	0
moe-2.4b-8	False	0	0	0
moe-2.4b-8	False	0	0	0
moe-2.4b-8	False	0	0	0
moe-2.4b-8	False	0	0	0
moe-2.4b-8	False	4	4	0
moe-2.4b-8	False	6	6	0
moe-2.4b-8	False	0	0	0
moe-2.4b-8	False	2	2	0
moe-2.4b-8	False	0	0	0
moe-2.4b-8	False	0	0	0
moe-2.4b-8	True	8	0	0
moe-2.4b-8	False	0	8	0
moe-2.4b-8	False	0	0	0
moe-2.4b-8	False	0	0	0
moe-2.4b-8	False	0	0	0
moe-2.4b-8	False	0	0	0
moe-2.4b-8	False	0	0	0
moe-2.4b-8	False	1	1	0
moe-2.4b-8	False	0	0	0
moe-2.4b-8	False	0	0	0
moe-2.4b-8	False	0	0	0
moe-2.4b-8	False	0	0	0
moe-2.4b-8	False	0	0	0
moe-2.4b-8	False	0	0	0
moe-2.4b-8	False	0	0	0
moe-2.4b-8	False	0	0	0
moe-2.4b-8	False	0	0	0
moe-2.4b-8	False	0	0	0
moe-2.4b-8	False	0	0	0
moe-2.4b-8	False	0	0	0
moe-2.4b-8	False	0	0	0
moe-2.4b-8	False	0	0	0
moe-2.4b-8	False	0	0	0
moe-2.4b-8	False	0	0	0
moe-2.4b-8	False	0	0	0
moe-2.4b-8	False	0	0	0
moe-2.4b-8	False	0	0	0
moe-2.4b-8	False	0	0	0
moe-2.4b-8	False	0	0	0
moe-2.4b-8	False	4	4	0
moe-2.4b-8	False	0	0	0
moe-2.4b-8	False	0	0	0
moe-2.4b-8	False	0	0	0
moe-2.4b-8	False	0	0	0
moe-2.4b-8	False	0	0	0
moe-2.4b-8	False	0	0	0
moe-2.4b-8	False	0	0	0
moe-2.4b-8	False	1	1	0
moe-2.4b-8	False	0	0	0
moe-2.4b-8	False	0	0	0
moe-2.4b-8	False	0	0	0
moe-2.4b-8	False	0	0	0
moe-2.4b-8	False	0	0	0
moe-2.4b-8	False	0	0	0
moe-2.4b-8	False	0	0	0
moe-2.4b-8	False	0	0	0
moe-2.4b-8	False	3	2	1
moe-2.4b-8	False	0	0	0
moe-2.4b-8	False	0	0	0
moe-2.4b-8	False	0	0	0
moe-2.4b-8	False	0	0	0
moe-2.4b-8	False	0	0	0
moe-2.4b-8	False	1	1	0
moe-2.4b-8	False	4	4	0
moe-2.4b-8	False	0	0	0
moe-2.4b-8	False	0	0	0
moe-2.4b-8	False	0	0	0
moe-2.4b-8	False	0	0	0
moe-2.4b-8	False	0	0	0
moe-2.4b-8	False	0	0	0
moe-2.4b-8	False	0	0	0
moe-2.4b-8	False	0	0	0
moe-2.4b-8	False	0	0	0
moe-2.4b-8	False	0	0	0
moe-2.4b-8	False	0	0	0
moe-2.4b-8	False	0	0	0
moe-2.4b-8	False	0	0	0
moe-2.4b-8	False	0	0	0
moe-2.4b-8	False	0	0	0
moe-2.4b-8	False	0	0	0
moe-2.4b-8	False	0	0	0
moe-2.4b-8	False	0	0	0
moe-2.4b-8	False	0	0	0
moe-2.4b-8	False	0	0	0
moe-2.4b-8	False	0	0	0
moe-2.4b-8	False	0	0	0
moe-2.4b-8	False	0	0	0
moe-2.4b-8	False	0	0	0
moe-2.4b-8	False	0	0	0
moe-2.4b-8	False	0	0	0
moe-2.4b-8	False	0	0	0
moe-2.4b-8	False	0	0	0
moe-2.4b-8	False	0	0	0
moe-2.4b-8	False	0	0	0
moe-2.4b-8	False	0	0	0
moe-2.4b-8	False	0	0	0
moe-2.4b-8	False	0	0	0
moe-2.4b-8	False	0	0	0
moe-2.4b-8	False	0	0	0
moe-2.4b-8	False	0	0	0
moe-2.4b-8	False	0	0	0
moe-2.4b-8	False	0	0	0
moe-2.4b-8	False	0	0	0
moe-2.4b-8	False	0	0	0
moe-2.4b-8	False	0	0	0
moe-2.4b-8	False	0	0	0
moe-2.4b-8	False	0	0	0
moe-2.4b-8	False	0	0	0
moe-2.4b-8	False	0	0	0
moe-2.4b-8	False	0	0	0
moe-2.4b-8	False	0	0	0
moe-2.4b-8	False	0	0	0
moe-2.4b-8	False	0	0	0
moe-2.4b-8	False	0	0	0
moe-2.4b-8	False	0	0	0
moe-2.4b-8	False	0	0	0
moe-2.4b-8	False	0	0	0
moe-2.4b-8	False	0	0	0
moe-2.4b-8	False	0	0	0
moe-2.4b-8	False	0	0	0
moe-2.4b-8	False	0	0	0
moe-2.4b-8	False	0	0	0
moe-2.4b-8	False	0	0	0
moe-2.4b-8	False	0	0	0
moe-2.4b-8	False	0	0	0
moe-2.4b-8	False	0	0	0
moe-2.4b-8	False	0	0	0
moe-2.4b-8	False	0	0	0
moe-2.4b-8	False	0	0	0
moe-2.4b-8	False	0	0	0
moe-2.4b-8	False	0	0	0
moe-2.4b-8	False	0	0	0
moe-2.4b-8	False	0	0	0
moe-2.4b-8	False	0	0	0
moe-2.4b-8	False	0	0	0
moe-2.4b-8	False	0	0	0
moe-2.4b-8	False	0	0	0
moe-2.4b-8	False	0	0	0
moe-2.4b-8	False	0	0	0
moe-2.4b-8	False	0	0	0
moe-2.4b-8	False	0	0	0
moe-2.4b-8	False	0	0	0
moe-2.4b-8	False	0	0	0
moe-2.4b-8	False	0	0	0
moe-2.4b-8	False	0	0	0
moe-2.4b-8	False	0	0	0
moe-2.4b-8	False	0	0	0
moe-2.4b-8	False	0	0	0
moe-2.4b-8	False	0	0	0
moe-2.4b-8	False	0	0	0
moe-2.4b-8	False	0	0	0
moe-2.4b-8	False	0	0	0
moe-2.4b-8	False	0	0	0
moe-2.4b-8	False	0	0	0
moe-2.4b-8	False	0	0	0
moe-2.4b-8	False	0	0	0
moe-2.4b-8	False	0	0	0
moe-2.4b-8	False	0	0	0
moe-2.4b-8	False	0	0	0
moe-2.4b-8	False	0	0	0
moe-2.4b-8	False	0	0	0
moe-2.4b-8	False	0	0	0
moe-2.4b-8	False	0	0	0
moe-2.4b-8	False	0	0	0
moe-2.4b-8	False	0	0	0
moe-2.4b-8	False	0	0	0
moe-2.4b-8	False	0	0	0
moe-2.4b-8	False	0	0	0
moe-2.4b-8	False	0	0	0
moe-2.4b-8	False	0	0	0
moe-2.4b-8	False	0	0	0
moe-2.4b-8	False	0	0	0
moe-2.4b-8	False	0	0	0
moe-2.4b-8	False	0	0	0
moe-2.4b-8	False	0	0	0
moe-2.4b-8	False	0	0	0
moe-2.4b-8	False	2	2	0
moe-2.4b-8	False	0	0	0
moe-2.4b-8	False	0	0	0
moe-2.4b-8	False	0	0	0
moe-2.4b-8	False	0	0	0
moe-2.4b-8	False	0	0	0
moe-2.4b-8	False	0	0	0
moe-2.4b-8	False	0	0	0
moe-2.4b-8	False	0	0	0
moe-2.4b-8	False	0	0	0
moe-2.4b-8	False	0	0	0
moe-2.4b-8	False	0	0	0
moe-2.4b-8	False	0	0	0
moe-2.4b-8	False	0	0	0
moe-2.4b-8	False	0	0	0
moe-2.4b-8	False	0	0	0
moe-2.4b-8	False	0	0	0
moe-2.4b-8	False	0	0	0
moe-2.4b-8	False	0	0	0
moe-2.4b-8	False	0	0	0
moe-2.4b-8	False	0	0	0
moe-2.4b-8	False	0	0	0
moe-2.4b-8	False	0	0	0
moe-2.4b-8	False	0	0	0
moe-2.4b-8	False	0	0	0
moe-2.4b-8	False	0	0	0
moe-2.4b-8	False	0	0	0
moe-2.4b-8	False	0	0	0
moe-2.4b-8	False	0	0	0
moe-2.4b-8	False	0	0	0
moe-2.4b-8	False	0	0	0
moe-2.4b-8	False	0	0	0
moe-2.4b-8	False	0	0	0
moe-2.4b-8	False	0	0	0
moe-2.4b-8	False	0	0	0
moe-2.4b-8	False	0	0	0
moe-2.4b-8	False	0	0	0
moe-2.4b-8	False	0	0	0
moe-2.4b-8	False	0	0	0
moe-2.4b-8	False	0	0	0
moe-2.4b-8	False	0	0	0
moe-2.4b-8	False	0	0	0
moe-2.4b-8	False	0	0	0
moe-2.4b-8	False	0	0	0
moe-2.4b-8	False	0	0	0
moe-2.4b-8	False	0	0	0
moe-2.4b-8	False	0	0	0
moe-2.4b-8	False	0	0	0
moe-2.4b-8	False	0	0	0
moe-2.4b-8	False	0	0	0
moe-2.4b-8	False	0	0	0
moe-2.4b-8	False	0	0	0
moe-2.4b-8	False	0	0	0
moe-2.4b-8	False	0	0	0
moe-2.4b-8	False	0	0	0
moe-2.4b-8	False	0	0	0
moe-2.4b-8	False	0	0	0
moe-2.4b-8	False	0	0	0
moe-2.4b-8	False	0	0	0
moe-2.4b-8	False	0	0	0
moe-2.4b-8	False	1	1	0
moe-2.4b-8	False	0	0	0
moe-2.4b-8	False	0	0	0
moe-2.4b-8	False	2	2	0
moe-2.4b-8	False	0	0	0
moe-2.4b-8	False	0	0	0
moe-2.4b-8	False	0	0	0
moe-2.4b-8	False	0	0	0
moe-2.4b-8	False	0	0	0
moe-2.4b-8	False	0	0	0
moe-2.4b-8	False	0	0	0
moe-2.4b-8	False	0	0	0
moe-2.4b-8	False	0	0	0
moe-2.4b-8	False	0	0	0
moe-2.4b-8	False	0	0	0
moe-2.4b-8	False	0	0	0
moe-2.4b-8	False	0	0	0
moe-2.4b-8	False	0	0	0
moe-2.4b-8	False	0	0	0
moe-2.4b-8	False	0	0	0
moe-2.4b-8	False	0	0	0
moe-2.4b-8	False	0	0	0
moe-2.4b-8	False	0	0	0
moe-2.4b-8	True	2	0	0
moe-2.4b-8	False	6	8	0
moe-2.4b-8	False	0	0	0
moe-2.4b-8	False	0	0	0
moe-2.4b-8	False	0	0	0
moe-2.4b-8	False	0	0	0
moe-2.4b-8	False	0	0	0
moe-2.4b-8	False	0	0	0
moe-2.4b-8	False	0	0	0
moe-2.4b-8	False	0	0	0
moe-2.4b-8	False	0	0	0
moe-2.4b-8	False	0	0	0
moe-2.4b-8	False	0	0	0
moe-2.4b-8	False	0	0	0
moe-2.4b-8	False	0	0	0
moe-2.4b-8	False	0	0	0
moe-2.4b-8	False	0	0	0
moe-2.4b-8	False	0	0	0
moe-2.4b-8	False	0	0	0
moe-2.4b-8	False	0	0	0
moe-2.4b-8	False	0	0	0
moe-2.4b-8	False	0	0	0
moe-2.4b-8	False	0	0	0
moe-2.4b-8	False	0	0	0
moe-2.4b-8	False	0	0	0
moe-2.4b-8	False	0	0	0
moe-2.4b-8	False	0	0	0
moe-2.4b-8	False	0	0	0
moe-2.4b-8	False	0	0	0
moe-2.4b-8	False	0	0	0
moe-2.4b-8	False	0	0	0
moe-2.4b-8	False	0	0	0
moe-2.4b-8	False	0	0	0
moe-2.4b-8	False	0	0	0
moe-2.4b-8	False	0	0	0
moe-2.4b-8	False	0	0	0
moe-2.4b-8	False	0	0	0
moe-2.4b-8	False	8	5	3
moe-2.4b-8	False	0	0	0
moe-2.4b-8	False	0	0	0
moe-2.4b-8	False	0	0	0
moe-2.4b-8	False	0	0	0
moe-2.4b-8	False	0	0	0
moe-2.4b-8	False	0	0	0
moe-2.4b-8	False	0	0	0
moe-2.4b-8	False	0	0	0
moe-2.4b-8	False	0	0	0
moe-2.4b-8	False	0	0	0
moe-2.4b-8	False	0	0	0
moe-2.4b-8	False	0	0	0
moe-2.4b-8	False	0	0	0
moe-2.4b-8	False	0	0	0
moe-2.4b-8	False	0	0	0
moe-2.4b-8	False	0	0	0
moe-2.4b-8	False	0	0	0
moe-2.4b-8	False	0	0	0
moe-2.4b-8	False	0	0	0
moe-2.4b-8	False	0	0	0
moe-2.4b-8	False	0	0	0
moe-2.4b-8	False	0	0	0
moe-2.4b-8	False	0	0	0
moe-2.4b-8	False	0	0	0
moe-2.4b-8	False	0	0	0
moe-2.4b-8	False	0	0	0
moe-2.4b-8	False	0	0	0
moe-2.4b-8	False	0	0	0
moe-2.4b-8	False	0	0	0
moe-2.4b-8	False	0	0	0
moe-2.4b-8	False	0	0	0
moe-2.4b-8	False	0	0	0
moe-2.4b-8	False	0	0	0
moe-2.4b-8	False	0	0	0
moe-2.4b-8	False	0	0	0
moe-2.4b-8	False	0	0	0
moe-2.4b-8	False	0	0	0
moe-2.4b-8	False	0	0	0
moe-2.4b-8	False	0	0	0
moe-2.4b-8	False	0	0	0
moe-2.4b-8	False	0	0	0
moe-2.4b-8	False	0	0	0
moe-2.4b-8	False	0	0	0
moe-2.4b-8	False	0	0	0
moe-2.4b-8	False	0	0	0
moe-2.4b-8	False	0	0	0
moe-2.4b-8	False	0	0	0
moe-2.4b-8	False	0	0	0
moe-2.4b-8	False	0	0	0
moe-2.4b-8	False	0	0	0
moe-2.4b-8	False	0	0	0
moe-2.4b-8	False	0	0	0
moe-2.4b-8	False	0	0	0
moe-2.4b-8	False	0	0	0
moe-2.4b-8	False	0	0	0
moe-2.4b-8	False	0	0	0
moe-2.4b-8	False	0	0	0
moe-2.4b-8	False	0	0	0
moe-2.4b-8	False	0	0	0
moe-2.4b-8	False	0	0	0
moe-2.4b-8	False	0	0	0
moe-2.4b-8	False	0	0	0
moe-2.4b-8	False	0	0	0
moe-2.4b-8	False	0	0	0
moe-2.4b-8	False	0	0	0
moe-2.4b-8	False	0	0	0
moe-2.4b-8	False	0	0	0
moe-2.4b-8	False	0	0	0
moe-2.4b-8	True	2	0	0
moe-2.4b-8	False	0	2	0
moe-2.4b-8	False	0	0	0
moe-2.4b-8	False	0	0	0
moe-2.4b-8	True	4	3	0
moe-2.4b-8	False	0	1	0
moe-2.4b-8	False	0	0	0
moe-2.4b-8	False	0	0	0
moe-2.4b-8	False	0	0	0
moe-2.4b-8	False	0	0	0
moe-2.4b-8	False	0	0	0
moe-2.4b-8	False	0	0	0
moe-2.4b-8	False	0	0	0
moe-2.4b-8	False	0	0	0
moe-2.4b-8	False	0	0	0
moe-2.4b-8	False	0	0	0
moe-2.4b-8	False	0	0	0
moe-2.4b-8	False	0	0	0
moe-2.4b-8	False	0	0	0
moe-2.4b-8	False	0	0	0
moe-2.4b-8	False	0	0	0
moe-2.4b-8	False	0	0	0
moe-2.4b-8	False	0	0	0
moe-2.4b-8	False	0	0	0
moe-2.4b-8	False	0	0	0
moe-2.4b-8	False	0	0	0
moe-2.4b-8	False	0	0	0
moe-2.4b-8	False	0	0	0
moe-2.4b-8	False	0	0	0
moe-2.4b-8	False	0	0	0
moe-2.4b-8	False	0	0	0
moe-2.4b-8	False	0	0	0
moe-2.4b-8	False	0	0	0
moe-2.4b-8	False	0	0	0
moe-2.4b-8	False	0	0	0
moe-2.4b-8	False	0	0	0
moe-2.4b-8	False	0	0	0
moe-2.4b-8	False	0	0	0
moe-2.4b-8	False	0	0	0
moe-2.4b-8	False	0	0	0
moe-2.4b-8	False	0	0	0
moe-2.4b-8	False	0	0	0
moe-2.4b-8	False	0	0	0
moe-2.4b-8	False	0	0	0
moe-2.4b-8	False	0	0	0
moe-2.4b-8	False	0	0	0
moe-2.4b-8	False	0	0	0
moe-2.4b-8	False	0	0	0
moe-2.4b-8	False	0	0	0
moe-2.4b-8	False	0	0	0
moe-2.4b-8	False	0	0	0
moe-2.4b-8	False	2	2	0
moe-2.4b-8	False	0	0	0
moe-2.4b-8	False	0	0	0
moe-2.4b-8	False	0	0	0
moe-2.4b-8	False	0	0	0
moe-2.4b-8	False	0	0	0
moe-2.4b-8	False	0	0	0
moe-2.4b-8	False	0	0	0
moe-2.4b-8	False	0	0	0
moe-2.4b-8	False	0	0	0
moe-2.4b-8	False	0	0	0
moe-2.4b-8	False	0	0	0
moe-2.4b-8	False	0	0	0
moe-2.4b-8	False	0	0	0
moe-2.4b-8	False	0	0	0
moe-2.4b-8	False	0	0	0
moe-2.4b-8	False	0	0	0
moe-2.4b-8	False	0	0	0
moe-2.4b-8	False	0	0	0
moe-2.4b-8	False	0	0	0
moe-2.4b-8	False	0	0	0
moe-2.4b-8	True	2	0	0
moe-2.4b-8	False	0	2	0
moe-2.4b-8	False	0	0	0
moe-2.4b-8	False	0	0	0
moe-2.4b-8	False	0	0	0
moe-2.4b-8	False	0	0	0
moe-2.4b-8	False	0	0	0
moe-2.4b-8	False	0	0	0
moe-2.4b-8	False	0	0	0
moe-2.4b-8	False	0	0	0
moe-2.4b-8	False	0	0	0
moe-2.4b-8	True	3	0	0
moe-2.4b-8	False	0	3	0
moe-2.4b-8	False	0	0	0
moe-2.4b-8	False	0	0	0
moe-2.4b-8	False	0	0	0
moe-2.4b-8	True	6	0	0
moe-2.4b-8	False	0	6	0
moe-2.4b-8	False	0	0	0
moe-2.4b-8	False	0	0	0
moe-2.4b-8	False	0	0	0
moe-2.4b-8	False	0	0	0
moe-2.4b-8	False	0	0	0
moe-2.4b-8	False	0	0	0
moe-2.4b-8	False	0	0	0
moe-2.4b-8	False	0	0	0
moe-2.4b-8	True	4	0	0
moe-2.4b-8	False	0	4	0
moe-2.4b-8	True	4	3	0
moe-2.4b-8	False	0	1	0
moe-2.4b-8	False	0	0	0
moe-2.4b-8	False	0	0	0
moe-2.4b-8	False	0	0	0
moe-2.4b-8	False	0	0	0
moe-2.4b-8	False	0	0	0
moe-2.4b-8	False	0	0	0
moe-2.4b-8	False	0	0	0
moe-2.4b-8	False	0	0	0
moe-2.4b-8	False	0	0	0
moe-2.4b-8	False	3	2	1
moe-2.4b-8	False	0	0	0
moe-2.4b-8	False	0	0	0
moe-2.4b-8	False	0	0	0
moe-2.4b-8	False	0	0	0
moe-2.4b-8	False	0	0	0
moe-2.4b-8	False	0	0	0
moe-2.4b-8	False	0	0	0
moe-2.4b-8	False	0	0	0
moe-2.4b-8	False	0	0	0
moe-2.4b-8	False	0	0	0
moe-2.4b-8	False	0	0	0
moe-2.4b-8	False	0	0	0
moe-2.4b-8	False	0	0	0
moe-2.4b-8	False	0	0	0
moe-2.4b-8	False	0	0	0
moe-2.4b-8	False	0	0	0
moe-2.4b-8	False	0	0	0
moe-2.4b-8	False	0	0	0
moe-2.4b-8	False	0	0	0
moe-2.4b-8	False	0	0	0
moe-2.4b-8	False	0	0	0
moe-2.4b-8	True	1	0	0
moe-2.4b-8	False	0	1	0
moe-2.4b-8	False	0	0	0
moe-2.4b-8	False	0	0	0
moe-2.4b-8	False	0	0	0
moe-2.4b-8	False	0	0	0
moe-2.4b-8	False	0	0	0
moe-2.4b-8	False	0	0	0
moe-2.4b-8	False	0	0	0
moe-2.4b-8	False	0	0	0
moe-2.4b-8	False	0	0	0
moe-2.4b-8	False	0	0	0
moe-2.4b-8	False	0	0	0
moe-2.4b-8	False	0	0	0
moe-2.4b-8	False	0	0	0
moe-2.4b-8	False	0	0	0
moe-2.4b-8	False	3	3	0
moe-2.4b-8	False	0	0	0
moe-2.4b-8	False	0	0	0
moe-2.4b-8	False	0	0	0
moe-2.4b-8	False	0	0	0
moe-2.4b-8	False	0	0	0
moe-2.4b-8	False	0	0	0
moe-2.4b-8	False	0	0	0
moe-2.4b-8	False	0	0	0
moe-2.4b-8	False	0	0	0
moe-2.4b-8	False	0	0	0
moe-2.4b-8	False	0	0	0
moe-2.4b-8	False	0	0	0
moe-2.4b-8	False	8	8	0
moe-2.4b-8	False	0	0	0
moe-2.4b-8	False	0	0	0
moe-2.4b-8	False	0	0	0
moe-2.4b-8	False	0	0	0
moe-2.4b-8	False	0	0	0
moe-2.4b-8	False	0	0	0
moe-2.4b-8	False	0	0	0
moe-2.4b-8	False	0	0	0
moe-2.4b-8	False	0	0	0
moe-2.4b-8	False	0	0	0
moe-2.4b-8	False	2	2	0
moe-2.4b-8	False	0	0	0
moe-2.4b-8	False	0	0	0
moe-2.4b-8	False	0	0	0
moe-2.4b-8	False	0	0	0
moe-2.4b-8	False	0	0	0
moe-2.4b-8	False	0	0	0
moe-2.4b-8	False	0	0	0
moe-2.4b-8	False	0	0	0
moe-2.4b-8	False	0	0	0
moe-2.4b-8	False	0	0	0
moe-2.4b-8	False	0	0	0
moe-2.4b-8	False	0	0	0
moe-2.4b-8	False	0	0	0
moe-2.4b-8	False	0	0	0
moe-2.4b-8	False	0	0	0
moe-2.4b-8	False	0	0	0
moe-2.4b-8	False	0	0	0
moe-2.4b-8	False	0	0	0
moe-2.4b-8	False	0	0	0
moe-2.4b-8	False	0	0	0
moe-2.4b-8	False	0	0	0
moe-2.4b-8	False	0	0	0
moe-2.4b-8	False	0	0	0
moe-2.4b-8	False	0	0	0
moe-2.4b-8	False	0	0	0
moe-2.4b-8	False	0	0	0
moe-2.4b-8	False	0	0	0
moe-2.4b-8	False	0	0	0
moe-2.4b-8	False	0	0	0
moe-2.4b-8	False	0	0	0
moe-2.4b-8	False	0	0	0
moe-2.4b-8	False	0	0	0
moe-2.4b-8	False	0	0	0
moe-2.4b-8	False	0	0	0
moe-2.4b-8	False	0	0	0
moe-2.4b-8	False	0	0	0
moe-2.4b-8	False	6	6	0
moe-2.4b-8	False	2	2	0
moe-2.4b-8	False	0	0	0
moe-2.4b-8	False	0	0	0
moe-2.4b-8	False	1	1	0
moe-2.4b-8	False	0	0	0
moe-2.4b-8	False	0	0	0
moe-2.4b-8	False	0	0	0
moe-2.4b-8	False	0	0	0
moe-2.4b-8	False	0	0	0
moe-2.4b-8	False	0	0	0
moe-2.4b-8	False	0	0	0
moe-2.4b-8	False	0	0	0
moe-2.4b-8	False	0	0	0
moe-2.4b-8	False	0	0	0
moe-2.4b-8	False	1	1	0
moe-2.4b-8	False	0	0	0
moe-2.4b-8	False	0	0	0
moe-2.4b-8	False	0	0	0
moe-2.4b-8	False	1	1	0
moe-2.4b-8	False	11	11	0
moe-2.4b-8	True	5	0	1
moe-2.4b-8	False	0	4	0
moe-2.4b-8	False	0	0	0
moe-2.4b-8	False	0	0	0
moe-2.4b-8	False	0	0	0
moe-2.4b-8	False	0	0	0
moe-2.4b-8	False	0	0	0
moe-2.4b-8	False	0	0	0
moe-2.4b-8	False	0	0	0
moe-2.4b-8	False	0	0	0
moe-2.4b-8	False	0	0	0
moe-2.4b-8	False	0	0	0
moe-2.4b-8	False	0	0	0
moe-2.4b-8	False	0	0	0
moe-2.4b-8	False	0	0	0
moe-2.4b-8	False	0	0	0
moe-2.4b-8	False	0	0	0
moe-2.4b-8	False	0	0	0
moe-2.4b-8	False	0	0	0
moe-2.4b-8	False	0	0	0
moe-2.4b-8	True	5	1	0
moe-2.4b-8	False	0	4	0
moe-2.4b-8	False	2	2	0
moe-2.4b-8	False	0	0	0
moe-2.4b-8	False	0	0	0
moe-2.4b-8	False	0	0	0
moe-2.4b-8	False	0	0	0
moe-2.4b-8	False	0	0	0
moe-2.4b-8	False	0	0	0
moe-2.4b-8	False	0	0	0
moe-2.4b-8	False	0	0	0
moe-2.4b-8	False	0	0	0
moe-2.4b-8	False	0	0	0
moe-2.4b-8	False	0	0	0
moe-2.4b-8	False	0	0	0
moe-2.4b-8	False	0	0	0
moe-2.4b-8	False	0	0	0
moe-2.4b-8	False	0	0	0
moe-2.4b-8	False	0	0	0
moe-2.4b-8	False	0	0	0
moe-2.4b-8	False	0	0	0
moe-2.4b-8	False	0	0	0
moe-2.4b-8	False	0	0	0
moe-2.4b-8	False	0	0	0
moe-2.4b-8	False	0	0	0
moe-2.4b-8	False	0	0	0
moe-2.4b-8	False	0	0	0
moe-2.4b-8	False	0	0	0
moe-2.4b-8	False	0	0	0
moe-2.4b-8	False	0	0	0
moe-2.4b-8	False	0	0	0
moe-2.4b-8	False	0	0	0
moe-2.4b-8	False	0	0	0
moe-2.4b-8	False	0	0	0
moe-2.4b-8	False	0	0	0
moe-2.4b-8	False	5	5	0
moe-2.4b-8	False	0	0	0
moe-2.4b-8	False	0	0	0
moe-2.4b-8	False	0	0	0
moe-2.4b-8	False	0	0	0
moe-2.4b-8	False	0	0	0
moe-2.4b-8	False	0	0	0
moe-2.4b-8	False	0	0	0
moe-2.4b-8	False	0	0	0
moe-2.4b-8	False	0	0	0
moe-2.4b-8	False	0	0	0
moe-2.4b-8	False	0	0	0
moe-2.4b-8	False	0	0	0
moe-2.4b-8	False	0	0	0
moe-2.4b-8	False	0	0	0
moe-2.4b-8	False	0	0	0
moe-2.4b-8	False	0	0	0
moe-2.4b-8	False	0	0	0
moe-2.4b-8	False	0	0	0
moe-2.4b-8	False	0	0	0
moe-2.4b-8	False	0	0	0
moe-2.4b-8	False	0	0	0
moe-2.4b-8	False	0	0	0
moe-2.4b-8	False	0	0	0
moe-2.4b-8	True	4	0	0
moe-2.4b-8	False	0	4	0
moe-2.4b-8	False	0	0	0
moe-2.4b-8	True	3	0	0
moe-2.4b-8	False	1	4	0
moe-2.4b-8	False	0	0	0
moe-2.4b-8	False	0	0	0
moe-2.4b-8	False	0	0	0
moe-2.4b-8	False	0	0	0
moe-2.4b-8	False	0	0	0
moe-2.4b-8	False	0	0	0
moe-2.4b-8	False	0	0	0
moe-2.4b-8	False	0	0	0
moe-2.4b-8	False	0	0	0
moe-2.4b-8	False	0	0	0
moe-2.4b-8	False	0	0	0
moe-2.4b-8	False	0	0	0
moe-2.4b-8	False	0	0	0
moe-2.4b-8	False	0	0	0
moe-2.4b-8	False	0	0	0
moe-2.4b-8	False	0	0	0
moe-2.4b-8	False	0	0	0
moe-2.4b-8	False	0	0	0
moe-2.4b-8	True	5	0	0
moe-2.4b-8	False	0	5	0
moe-2.4b-8	False	0	0	0
moe-2.4b-8	False	14	14	0
moe-2.4b-8	False	0	0	0
moe-2.4b-8	False	0	0	0
moe-2.4b-8	False	0	0	0
moe-2.4b-8	False	0	0	0
moe-2.4b-8	False	0	0	0
moe-2.4b-8	False	0	0	0
moe-2.4b-8	False	0	0	0
moe-2.4b-8	False	0	0	0
moe-2.4b-8	False	0	0	0
moe-2.4b-8	False	0	0	0
moe-2.4b-8	False	0	0	0
moe-2.4b-8	False	0	0	0
moe-2.4b-8	False	0	0	0
moe-2.4b-8	False	0	0	0
moe-2.4b-8	False	0	0	0
moe-2.4b-8	False	0	0	0
moe-2.4b-8	False	0	0	0
moe-2.4b-8	False	0	0	0
moe-2.4b-8	False	0	0	0
moe-2.4b-8	False	0	0	0
moe-2.4b-8	False	0	0	0
moe-2.4b-8	False	0	0	0
moe-2.4b-8	False	0	0	0
moe-2.4b-8	False	0	0	0
moe-2.4b-8	False	0	0	0
moe-2.4b-8	False	0	0	0
moe-2.4b-8	False	0	0	0
moe-2.4b-8	False	0	0	0
moe-2.4b-8	False	0	0	0
moe-2.4b-8	False	0	0	0
moe-2.4b-8	False	0	0	0
moe-2.4b-8	False	0	0	0
moe-2.4b-8	False	0	0	0
moe-2.4b-8	False	0	0	0
moe-2.4b-8	False	0	0	0
moe-2.4b-8	False	0	0	0
moe-2.4b-8	False	0	0	0
moe-2.4b-8	False	0	0	0
moe-2.4b-8	False	0	0	0
moe-2.4b-8	False	0	0	0
moe-2.4b-8	False	0	0	0
moe-2.4b-8	False	0	0	0
moe-2.4b-8	False	0	0	0
moe-2.4b-8	False	0	0	0
moe-2.4b-8	False	0	0	0
moe-2.4b-8	False	0	0	0
moe-2.4b-8	False	0	0	0
moe-2.4b-8	False	0	0	0
moe-2.4b-8	False	0	0	0
moe-2.4b-8	True	12	9	0
moe-2.4b-8	True	5	5	0
moe-2.4b-8	False	0	3	0
moe-2.4b-8	False	0	0	0
moe-2.4b-8	False	0	0	0
moe-2.4b-8	False	0	0	0
moe-2.4b-8	False	0	0	0
moe-2.4b-8	False	0	0	0
moe-2.4b-8	False	0	0	0
moe-2.4b-8	False	0	0	0
moe-2.4b-8	False	0	0	0
moe-2.4b-8	False	0	0	0
moe-2.4b-8	True	8	5	0
moe-2.4b-8	False	0	3	0
moe-2.4b-8	True	2	1	0
moe-2.4b-8	False	1	2	0
moe-2.4b-8	True	12	4	0
moe-2.4b-8	False	1	9	0
moe-2.4b-8	False	0	0	0
moe-2.4b-8	False	0	0	0
moe-2.4b-8	False	2	2	0
moe-2.4b-8	False	0	0	0
moe-2.4b-8	False	0	0	0
moe-2.4b-8	False	0	0	0
moe-2.4b-8	False	0	0	0
moe-2.4b-8	False	2	2	0
moe-2.4b-8	False	0	0	0
moe-2.4b-8	False	0	0	0
moe-2.4b-8	False	1	1	0
moe-2.4b-8	False	0	0	0
moe-2.4b-8	False	0	0	0
moe-2.4b-8	False	0	0	0
moe-2.4b-8	False	0	0	0
moe-2.4b-8	False	0	0	0
moe-2.4b-8	False	0	0	0
moe-2.4b-8	False	0	0	0
moe-2.4b-8	False	0	0	0
moe-2.4b-8	False	0	0	0
moe-2.4b-8	False	0	0	0
moe-2.4b-8	False	0	0	0
moe-2.4b-8	False	0	0	0
moe-2.4b-8	False	0	0	0
moe-2.4b-8	False	0	0	0
moe-2.4b-8	False	0	0	0
moe-2.4b-8	False	0	0	0
moe-2.4b-8	False	0	0	0
moe-2.4b-8	False	0	0	0
moe-2.4b-8	False	0	0	0
moe-2.4b-8	False	0	0	0
moe-2.4b-8	False	0	0	0
moe-2.4b-8	False	0	0	0
moe-2.4b-8	False	0	0	0
moe-2.4b-8	False	0	0	0
moe-2.4b-8	False	0	0	0
moe-2.4b-8	False	0	0	0
moe-2.4b-8	False	0	0	0
moe-2.4b-8	False	0	0	0
moe-2.4b-8	False	0	0	0
moe-2.4b-8	False	0	0	0
moe-2.4b-8	False	0	0	0
moe-2.4b-8	False	7	7	0
moe-2.4b-8	False	0	0	0
moe-2.4b-8	False	0	0	0
moe-2.4b-8	True	10	5	0
moe-2.4b-8	False	7	12	0
moe-2.4b-8	False	0	0	0
moe-2.4b-8	False	0	0	0
moe-2.4b-8	False	0	0	0
moe-2.4b-8	False	0	0	0
moe-2.4b-8	False	0	0	0
moe-2.4b-8	False	0	0	0
moe-2.4b-8	False	0	0	0
moe-2.4b-8	False	0	0	0
moe-2.4b-8	False	0	0	0
moe-2.4b-8	False	0	0	0
moe-2.4b-8	True	1	0	0
moe-2.4b-8	False	0	1	0
moe-2.4b-8	False	0	0	0
moe-2.4b-8	False	0	0	0
moe-2.4b-8	False	0	0	0
moe-2.4b-8	False	0	0	0
moe-2.4b-8	False	0	0	0
moe-2.4b-8	False	0	0	0
moe-2.4b-8	False	0	0	0
moe-2.4b-8	False	0	0	0
moe-2.4b-8	True	16	7	4
moe-2.4b-8	False	5	10	0
moe-2.4b-8	True	5	0	0
moe-2.4b-8	False	0	5	0
moe-2.4b-8	False	0	0	0
moe-2.4b-8	False	0	0	0
moe-2.4b-8	False	0	0	0
moe-2.4b-8	False	0	0	0
moe-2.4b-8	False	0	0	0
moe-2.4b-8	False	0	0	0
moe-2.4b-8	False	0	0	0
moe-2.4b-8	False	0	0	0
moe-2.4b-8	False	0	0	0
moe-2.4b-8	False	0	0	0
moe-2.4b-8	False	0	0	0
moe-2.4b-8	False	0	0	0
moe-2.4b-8	False	0	0	0
moe-2.4b-8	False	0	0	0
moe-2.4b-8	False	0	0	0
moe-2.4b-8	False	0	0	0
moe-2.4b-8	False	0	0	0
moe-2.4b-8	False	0	0	0
moe-2.4b-8	False	0	0	0
moe-2.4b-8	False	0	0	0
moe-2.4b-8	False	0	0	0
moe-2.4b-8	False	0	0	0
moe-2.4b-8	False	0	0	0
moe-2.4b-8	False	0	0	0
moe-2.4b-8	False	0	0	0
moe-2.4b-8	False	0	0	0
moe-2.4b-8	False	0	0	0
moe-2.4b-8	False	0	0	0
moe-2.4b-8	False	0	0	0
moe-2.4b-8	False	0	0	0
moe-2.4b-8	False	0	0	0
moe-2.4b-8	False	0	0	0
moe-2.4b-8	False	0	0	0
moe-2.4b-8	False	0	0	0
moe-2.4b-8	False	0	0	0
moe-2.4b-8	False	0	0	0
moe-2.4b-8	False	0	0	0
moe-2.4b-8	False	0	0	0
moe-2.4b-8	False	0	0	0
moe-2.4b-8	False	0	0	0
moe-2.4b-8	False	0	0	0
moe-2.4b-8	False	0	0	0
moe-2.4b-8	False	0	0	0
moe-2.4b-8	False	0	0	0
moe-2.4b-8	False	0	0	0
moe-2.4b-8	False	0	0	0
moe-2.4b-8	False	0	0	0
moe-2.4b-8	False	0	0	0
moe-2.4b-8	False	0	0	0
moe-2.4b-8	False	0	0	0
moe-2.4b-8	False	0	0	0
moe-2.4b-8	False	0	0	0
moe-2.4b-8	False	0	0	0
moe-2.4b-8	False	0	0	0
moe-2.4b-8	False	0	0	0
moe-2.4b-8	False	0	0	0
moe-2.4b-8	False	5	3	2
moe-2.4b-8	False	0	0	0
moe-2.4b-8	False	0	0	0
moe-2.4b-8	True	4	0	0
moe-2.4b-8	False	0	4	0
moe-2.4b-8	False	1	1	0
moe-2.4b-8	False	0	0	0
moe-2.4b-8	False	0	0	0
moe-2.4b-8	False	0	0	0
moe-2.4b-8	False	0	0	0
moe-2.4b-8	False	1	1	0
moe-2.4b-8	False	0	0	0
moe-2.4b-8	False	0	0	0
moe-2.4b-8	False	0	0	0
moe-2.4b-8	False	0	0	0
moe-2.4b-8	False	0	0	0
moe-2.4b-8	False	0	0	0
moe-2.4b-8	False	0	0	0
moe-2.4b-8	False	0	0	0
moe-2.4b-8	False	0	0	0
moe-2.4b-8	False	0	0	0
moe-2.4b-8	False	0	0	0
moe-2.4b-8	False	0	0	0
moe-2.4b-8	False	0	0	0
moe-2.4b-8	False	0	0	0
moe-2.4b-8	False	0	0	0
moe-2.4b-8	False	0	0	0
moe-2.4b-8	False	8	8	0
moe-2.4b-8	False	0	0	0
moe-2.4b-8	False	0	0	0
moe-2.4b-8	False	0	0	0
moe-2.4b-8	False	0	0	0
moe-2.4b-8	False	0	0	0
moe-2.4b-8	False	0	0	0
moe-2.4b-8	False	0	0	0
moe-2.4b-8	False	0	0	0
moe-2.4b-8	False	0	0	0
moe-2.4b-8	False	0	0	0
moe-2.4b-8	False	0	0	0
moe-2.4b-8	False	0	0	0
moe-2.4b-8	False	0	0	0
moe-2.4b-8	False	0	0	0
moe-2.4b-8	False	0	0	0
moe-2.4b-8	False	0	0	0
moe-2.4b-8	False	0	0	0
moe-2.4b-8	False	0	0	0
moe-2.4b-8	False	0	0	0
moe-2.4b-8	False	0	0	0
moe-2.4b-8	False	0	0	0
moe-2.4b-8	False	0	0	0
moe-2.4b-8	False	0	0	0
moe-2.4b-8	False	0	0	0
moe-2.4b-8	False	0	0	0
moe-2.4b-8	False	0	0	0
moe-2.4b-8	False	0	0	0
moe-2.4b-8	False	0	0	0
moe-2.4b-8	False	0	0	0
moe-2.4b-8	False	0	0	0
moe-2.4b-8	False	0	0	0
moe-2.4b-8	False	0	0	0
